id,breed
cc8ec46c8c1ff5337ac636a9c21abcc2,papillon
cc93915e06bc55626a02af95006a48c2,irish_setter
cc964d3bf1e317c9fbb0c0d4c8bc6b8f,groenendael
cc97041986abdb8566a3ed4317f40c27,black-and-tan_coonhound
cc99de39a169a9aebaf34d4a514e266b,papillon
cc9b4190a7063f8e92dd21ff25152643,lhasa
cca773094173965bbd04f829eea6eec7,newfoundland
ccb296c8257649527e45affde75d331d,vizsla
ccb75b5d00281575fe98f1d56d23d7a9,shih-tzu
ccbf2d7da8e85a3b60eb0ff8a87af58f,airedale
ccc369e93d792e44329a5f13ae6ae582,great_pyrenees
ccc49b7d2c895b6d6c9ce27845faf622,bull_mastiff
ccc5516a7db6d1d409ed66be35b6deeb,brabancon_griffon
ccced0593b697192b5e5b7f9ded1edfa,keeshond
ccd5d80be42329634437ae59df20bb02,vizsla
ccd804f2bb1d8b97dd6d0ef6c0feb054,walker_hound
ccd907aaac91d10f9a5ad8f9391e0db5,beagle
ccd99c16e1a964e86dc5ee5ba5b2854f,schipperke
ccde54b34bfa24e9fecdc9ad53ff4a37,staffordshire_bullterrier
cce1d5b417e2aa8afade8664a84d4576,collie
cce6c1a924e06dd07bb86d76d6d705d6,bernese_mountain_dog
cceda69318da7cff1dadf98a150d567c,beagle
ccf68bda9760941e198554e32b02025e,basenji
ccf7f33997edc88e2a25ebbbdc825105,sealyham_terrier
cd00a72c75a1cb3a121a032560b47969,french_bulldog
cd047489ca9d316cc15fe8b3c52d3090,english_foxhound
cd0587a34594afd8b79387cf137c66e7,german_short-haired_pointer
cd067bf6b895c629180fdf08f7a0b96e,basenji
cd12c6313e40ab559c00fda493c324d5,malamute
cd147766deb06c9eb2e43a24c0645fc2,curly-coated_retriever
cd17e777cdce3939575a66479ccdc790,french_bulldog
cd19644fa2fcfeee4f92cabe64d3c324,dingo
cd1d661e9023be9095a28ab1d005b502,basenji
cd2365170b2191c7a5df0c9531f2af70,entlebucher
cd2467e4da2dc73c38e6f7bc24b0e6e9,irish_terrier
cd31a52754616411d0484aa309c66b2a,schipperke
cd3c21425c633a2d1c7d0df930245851,walker_hound
cd406cc58c3a6542293a947e017a7bc6,black-and-tan_coonhound
cd40acc3fbfd0ca5a1985eea44d8493b,chow
cd53fc1890f5979b0ed9d2c8b69a93a6,rottweiler
cd5c1f1ec93244a933f377ce42b1b3dd,african_hunting_dog
cd6faa4e0dac0ac5ec7a17d789b2547d,redbone
cd714df1f1977466537bbf2fcbbcf0d9,rottweiler
cd7ad93d62286e4d6ecd2c2c61e0bdaa,scotch_terrier
cd806882f79da1043e04c70888865c7e,italian_greyhound
cd9045d7c082dc4427bfd026d03c0e69,boston_bull
cd9755d122a2b1cba1155e1612923986,lhasa
cd980b3f39d9ae566444c3ebb9096acf,flat-coated_retriever
cd9a0ccbb1b02224208062f3778444ef,toy_poodle
cdb32ac86d0475b5d32667582acaf267,shih-tzu
cdb97461991bf6d92b771a0c83076b69,scottish_deerhound
cdba761dfa000859fb4a89f56730e513,english_springer
cdc52aa70527d1ce57c1483f6a61c482,yorkshire_terrier
cdd066de3fd206038ac23ea487ad8246,keeshond
cdd1ac938055dd3956dd17b17d941716,black-and-tan_coonhound
cdd98aebbc986af83308c15269c14e66,brabancon_griffon
cdee721aacdca2d44cd02200f2e1e62c,scottish_deerhound
cdf01b0e87faf32363ef0c77a67c249a,whippet
cdffff7690054e91eab8e7237df12406,scottish_deerhound
ce0b7b688e294ae5ae0620354c946f0d,saluki
ce101a2ad530221d3fd8b252bc4eb682,dhole
ce125f9866c84532e94bfc1fb7998df8,airedale
ce1921bbb6d6cbe1ec4750a073bf956e,german_shepherd
ce202f5b214ad2646bc52398fdef426b,cairn
ce2255d0df0d65119a0ac484a18d0275,gordon_setter
ce293768d21d78ee39f43642af69a674,leonberg
ce31f66a9991f1f2bb45b84b5a7bd6e7,cardigan
ce3366408fc2cad7559b24f14c074655,pug
ce35256ac863f1a40f62b52dfc107a20,kerry_blue_terrier
ce384b69c955c293c02edb3888c03de0,chesapeake_bay_retriever
ce3f73cdc0a7797ef56afa3745af7985,keeshond
ce4758176f99386df7fde8e2b55fba98,toy_terrier
ce4d01bfae7a2486db3f55813347b095,old_english_sheepdog
ce525c673cc344e8cb8f5a5265689910,norfolk_terrier
ce549a7ebea582dd4ac694d6b1a92c53,rhodesian_ridgeback
ce5e29677c46c613e9831bd801f2d907,irish_water_spaniel
ce616db871b255cd660b2f845e7b75e9,norfolk_terrier
ce7a719bf215d73fcf0d19f554bed5ba,great_pyrenees
ce823aba64bddcca96b7c3c7f8862f36,lakeland_terrier
ce8aafb174173caa826cf76e0469d56f,saint_bernard
ce92370c283c12eb64271cdec81fc1d5,old_english_sheepdog
cea803dc044c609ccab57ec3820bcc16,lakeland_terrier
ceba42b006bf3f03f643d641d253f25d,kerry_blue_terrier
ceca987bff2a3776e5ebc1e2ca54a9da,brabancon_griffon
cecc7ef1ebe7682f38c497bbdcf8b391,japanese_spaniel
cece87e72f771598e2c4d401d41a63e9,brabancon_griffon
ced3ca13937555e20f9193e7c4ff865a,saint_bernard
cedaa14045b1bea7a383f5bdf588db89,appenzeller
cedcd40ba220aafc622ebc603c2cdf25,tibetan_mastiff
cede92d889f449e6bb5ad7fe10e5f887,lhasa
cef7b5d4e9d1d08d16611fbe6ca26440,toy_terrier
cf006bb3f31c015f513071e9067f8ee0,japanese_spaniel
cf01fdc8b8deede04eb88f0aee27b2bf,great_dane
cf0973fa8d11be069b23769e781daf9d,vizsla
cf0b75d1f10ab79d91069820c99dc4fa,appenzeller
cf16389be0d418812e47ae7694b441b4,newfoundland
cf1b216674bc2d431405ef57d01e6a3e,dandie_dinmont
cf269794a592d3b6ab3a52d59830d763,afghan_hound
cf27299362ada8a5e99e4368c9f8de35,cairn
cf2851761c1af3015e67d12681c40f11,siberian_husky
cf2ab1c0c1009cceb951ca7d74bf13ca,greater_swiss_mountain_dog
cf2eae68033af7a625dcb3a2565482f2,cairn
cf3697f8f3ee67b50cedaa63904ab5e8,newfoundland
cf3b0064d1834e9184645d870021f148,cardigan
cf44ff5245f6b6c1ea2ad82930bfb237,affenpinscher
cf67eaba9efa7e9af92f8b0356ba02d1,entlebucher
cf6e0ec97666cf8ddc3de90f1273ff4d,affenpinscher
cf82709a00a4f2168555b8f77c0d815d,borzoi
cf835d1c4bc696f14bc631156c9a770f,pug
cf853fd31d054b54395a43469d1f49a8,italian_greyhound
cf8646d1cee707152f2590d8a7c2c82f,miniature_pinscher
cf8c9065ce9fe68a218371634529babc,chesapeake_bay_retriever
cf954483c0d2e3004083144ffc432092,basenji
cf9628b5959c97e2be6a63e1e4335c24,black-and-tan_coonhound
cf98d353326b72966fe9e738b344b3cc,german_short-haired_pointer
cf9a778a10670a978a44a7cdfb9dd12a,soft-coated_wheaten_terrier
cfa922cad858484df5a928fe0db40b61,standard_schnauzer
cfaf6ea651f31e1ab10d384b84cebff1,great_pyrenees
cfb1ca7dc6db8a6d3e0cd15b4a7be229,afghan_hound
cfb25532ce2c35cebd553938f261e666,american_staffordshire_terrier
cfb2e02aafbed417593e849cbf9c30fd,irish_wolfhound
cfb9775c071c3c447d1e7f132bc5b48e,briard
cfbca2f86b0f5cac31ed9b41d9482661,dhole
cfc1665abbfdf9262f6d452769db5acc,sussex_spaniel
cfc4f71ed016e4104dca21bac935047d,keeshond
cfcab9b961c4dca7804e7159d8bd3d60,miniature_poodle
cfcc1612346870da991980196d34e106,tibetan_terrier
cfcc3d9c2e589b87e90a06a3857f955c,brabancon_griffon
cfd115aa91d1b341574869fd5b9a1afd,appenzeller
cfd1cdada50aee75c59957bb8ac00183,toy_terrier
cfd768af4ad2872016ec398f91153fbd,dingo
cff9465a6b201d7ba4d83ef0ebab8147,welsh_springer_spaniel
cffca67e3dd2a1254c356c55bc84c322,groenendael
d003186c0ba9adb9fd4407a2f1eb9510,komondor
d00642800e4ca6d84887a93e3430ae21,chow
d00a08d162750e970a53c096f0e5c63a,tibetan_mastiff
d015ddbcda957741a34c705200094e5e,border_collie
d019f029b4480dfcd04b0fb07249a9aa,toy_terrier
d020d0461312aa24bb8eb462701a1088,lhasa
d02aace37d23ed5e1bc81621bd1a6014,irish_terrier
d02db74d4d275327c1d470372fdce80e,cardigan
d03cc5012ecadd760e8e119e10ac98e1,brittany_spaniel
d03d4df9ecba147112407209140e0f78,bernese_mountain_dog
d0424ce62287e709fcad3cd5bf978378,chihuahua
d0441db03224b15c47422e6bdf351a52,cairn
d04b64a9c43afe278479d36e0f196bc1,irish_water_spaniel
d05051d644e85bde41fb021d0ed17a63,leonberg
d05a666072e8d8734124a31e727f23da,otterhound
d060e6fe84298ef6a37e3a0b9775c0c9,walker_hound
d06dfe63b8aa87927542f830cd7c5879,pekinese
d07c7895817c3baa1ac25753d63dfc53,english_springer
d09d661f984be8af06debd9ad7e4ec6c,briard
d0a1c46e655213d0e856f51715a5248a,bouvier_des_flandres
d0a79a274e32f238ee0a14781fab1f60,cairn
d0a8d73306d4ff25856bfd8a62748979,shetland_sheepdog
d0abd5df53b9a41a506ea217a70a961a,boston_bull
d0c3c1622518b8d9d26b4c71a43b3a85,norwich_terrier
d0e2d316e8e1a6d951340d0894b9f26e,english_setter
d0ea05a2828daf94ed74664b0081d026,black-and-tan_coonhound
d0f6c63bf17f25be16f2671c0ac7b7b6,schipperke
d10569ff8fb93c2ad2636f2e1e7e9d72,redbone
d10f9ba331c5f66331a449463c06cd87,italian_greyhound
d110e189aff527674e08285e7ff86508,keeshond
d1158535e2b0ee1db603ce2b12411f9f,bouvier_des_flandres
d11ef31e3d37fd218db0fcc76e416241,labrador_retriever
d120834472b4ef2520e5860b0f3b0500,african_hunting_dog
d13131f5b2771e917e58fd49cb710cad,bouvier_des_flandres
d132a0af92ff56fe35d1811b8eae95f0,leonberg
d1337daa2bbfbfab34a937f0ff1cedec,malamute
d146d9004a5895ed0efd91636c751d74,otterhound
d146f0cc0ce9bc0cb3514618affbd028,entlebucher
d153a102953bac7ee4dca7b2919111ee,irish_setter
d155359376470f2e707ac73e636eb5b2,keeshond
d15663dbbbcbde9517ae67284c664897,japanese_spaniel
d15c761ba986dc194be3170ded786d3b,brabancon_griffon
d1676f45ee40b1c585ddc56b2a63c402,lakeland_terrier
d1718b1895cc6a7e9ed92087d87f29b2,standard_poodle
d187dac89d006d0fad4aa697dc49e3d7,bull_mastiff
d19209b37780178ee6b51afdf2536583,pug
d194f1de2eb1f5037481388b04452b6b,toy_poodle
d198549ea46f9f624b71fcffbcbe8e31,german_short-haired_pointer
d198ac3fcba64d6a3996f42cc13b6465,beagle
d19bfb2a55eaa24aa45dafe1d04b7eb1,ibizan_hound
d19c2c775d85c2f50e1519ce67d5a5d7,saluki
d1b1bb6de02d5b193e61e018cda53e47,italian_greyhound
d1d430da93a267cec3abd75d99d91fc4,german_shepherd
d1d46e8cce0706c19b41bc88b18139ae,kelpie
d1e3d07958a55a2818cffbd52bc090ca,american_staffordshire_terrier
d1f38890c027d2cb93d2207446e83b10,weimaraner
d1f7ce7e656abd32521c790c04f768d1,lhasa
d1f946eb5c6aa8da5be6f74bf98c4ea3,borzoi
d1f9538eeb43a97a6299b56f44dfb503,staffordshire_bullterrier
d20381f965804795464f2e1d77dabcd1,brittany_spaniel
d20e2c1d02d16b00f9859e4c7e4d954d,american_staffordshire_terrier
d2148e7b0ddc6d8eb6f5a4794e74c1dd,dingo
d216b973bd75fdf96a9566e159f5f286,australian_terrier
d2181ad8aa2f5fe3f6ef63b0bae7cc52,kerry_blue_terrier
d21c01d3de8cc6d3c6dd3efaba226412,australian_terrier
d222748a1eea1d4fd0dc0c7e95c7a312,german_short-haired_pointer
d22fd89f9ec70da2f38fc495812e9324,otterhound
d2358aef08b791249aab787b25c6bee2,yorkshire_terrier
d23a9459022b02140e847eea64e05440,english_springer
d23b5a08ba6eee9c78379bbe7ed4d64e,kerry_blue_terrier
d2463d0b1c60260ad616be9cc1367493,rottweiler
d24723e50b59d53ef53aeb0189c2a73c,walker_hound
d247349a06da617a7d7c54281121cebe,dandie_dinmont
d247fcdc9fe99f9d151e32fbd0df6d73,cardigan
d248481e21f44ffe66f969af4206b45d,toy_terrier
d25477a0de377042bccdd6d3dd4c15d0,border_collie
d25a5f80d6980ae97d2941913fc1ddd6,sussex_spaniel
d26227912cf7189f6974908b19e0445f,mexican_hairless
d265584fd8255cf0ffb477cdfddd32f9,standard_poodle
d26797ba2b145963df704ac647e06564,dandie_dinmont
d26c44803bcb77cc1d4d4d5c1565a561,komondor
d26ebabd606703ea526163568193fb4d,soft-coated_wheaten_terrier
d273dff1609509570c7c9bf78dd3cd82,german_short-haired_pointer
d2740bec1cf993472115c0d40ce6c759,standard_schnauzer
d2792a2d53ef85403311ba8210cc4903,miniature_poodle
d27ba79a407c9cf9aeefb026fc965e12,dandie_dinmont
d2800b5baf5bf85e6adda6f776d8829a,walker_hound
d286e40e002940218197b5251d47e96f,irish_terrier
d28daf5f2461b81183cfd3dc489e0524,dhole
d299001b203489dc596f75dd865ab24e,labrador_retriever
d29b0c5038e14572446722d1aacf5200,weimaraner
d2a7bd18d1cf5d798648f2a51fab39da,toy_poodle
d2b547e36b74750fec91ea6e086802eb,miniature_schnauzer
d2b6a8effca9bffbc4194e752cc37cbb,cocker_spaniel
d2cd0fbf8d10eee50d53e8147000015d,briard
d2e331df7b048de77bd85ca69288c568,shih-tzu
d2e61a4e7c51fc88d45245f096df1745,brittany_spaniel
d2fa72633103a5c503b4365563bfd3a9,pug
d2fb39916010a712b342631075981c23,german_short-haired_pointer
d30bd9a646de2550045bdba1c2f96c0c,bedlington_terrier
d30c9f0e2f1a37fd9e44dfd4d35934d6,saint_bernard
d3165e9b6451bd8ed6c1377994c81451,saint_bernard
d31fe375dbfb1591ac809415b81495b1,sussex_spaniel
d327e8ca5085a224a03dfcf4a6e984d7,bluetick
d33a9df2a23a1ff3ef29ac6694cc7e79,appenzeller
d34ca643d6c19c9943b40af456e62cd3,scottish_deerhound
d34fba7b6362358f5bd02827ce6389e8,samoyed
d35eee4b5a67847371ffc082a25e2f03,whippet
d36c9b5e0bc2aa4c68a3f80892244af5,curly-coated_retriever
d3706963ae5c533b509872a98542a930,rhodesian_ridgeback
d3781e17b2296322306eda8141f6de86,newfoundland
d37b46b07275ff05d76b127f046c433e,malamute
d37b5544840f1aa6a63de67f18043829,tibetan_terrier
d37e94590bdeb885b76c81518c8f6ea9,papillon
d3991dae442c0ff13cb18004a85ebfb5,borzoi
d39daa01c97c879a2cc7e842519c4b37,borzoi
d39ece223b9f8681bc23853cfc6412bc,airedale
d3a8cdfa1c884e4a2557ca711bcfcfe2,flat-coated_retriever
d3ab6b3d328b2cd91bed99aee99fa6ed,kuvasz
d3b93c2ca76232e541a73083f6f04332,redbone
d3c5a926ccc8dcbdc1a584a7acdecb61,airedale
d3c6e03d7b80ee6c253b1f3b0ac7c74c,siberian_husky
d3ca4542578659abdb8a112baac00e99,komondor
d3cb2264c98b79ae0d65c84f84c4f85d,komondor
d3ccd246d07f2714cfbb28bd0e44ae30,airedale
d3d6ad637b0cc2e5830c435b8cad6f2e,lhasa
d3db2b7203e86288b3222d137c45f679,staffordshire_bullterrier
d3efb07d4a0dc2d9d1824ca79964a222,golden_retriever
d3f3306d5a62c333895fa98edfd9a028,boxer
d40130f4125a8058c4092f1a1e62426c,german_short-haired_pointer
d404d11cf948b5683e066ec50477887f,basset
d40d6d4e0f03bf31449179b106ac009d,norwegian_elkhound
d41481d28f1972447339510abcb6ef62,shih-tzu
d414d4fc978a4129a6230b03c99333f3,old_english_sheepdog
d424c291a9c749ad09769d4f721bb54b,standard_poodle
d425e6d733d2384385d00606307742b5,english_foxhound
d4282be98a29612cbe5b01173e99f704,giant_schnauzer
d42994838dea65d1516398fe86ff80be,otterhound
d4327728d89413c88bcea2b1b5efb706,bouvier_des_flandres
d4345a369e8853520659f0dfca8b92d3,miniature_schnauzer
d43b3de6be56e23c4894453f12a8179b,toy_terrier
d43cfcfe55d2b37ec37e1ad1e679a059,rhodesian_ridgeback
d43d6256b3af171cda8b432de000afb0,collie
d4430442fe5cda78d7e482714f7e5ca4,bluetick
d446ebae35501cfb48832e81db2e49d9,papillon
d44a665b4936c6de124c864feb339f53,shih-tzu
d4560db788eb0eff61623d3f5e2b58cb,briard
d459a1fe285bc112bfe00615390e2632,scotch_terrier
d4602ae68c721a6c7a0839b7f1f69af7,borzoi
d4673be6357164335165192fab6d97e7,curly-coated_retriever
d468a3e96a0a7249a32e614ab7a4d8fa,wire-haired_fox_terrier
d476405a5ee545d4acc5d6840d7b2054,malamute
d47ae5d9f7c17055130be743362f4bfd,irish_water_spaniel
d47fb5b7a8097959d87cffa7affad58c,german_shepherd
d47fcfb7f8b4de12cb78b54eb1c62dcb,scottish_deerhound
d480f8d24f1479f7669c5def4e3af118,irish_water_spaniel
d48181ff46af9773a0b91dcc67bf701f,saluki
d482fb5576279496d6f8d72bf6b93d9f,scottish_deerhound
d485c0dcb6754606694968b8b8957f59,mexican_hairless
d48a8aa150e8ec0f97868af26bcc0a93,scottish_deerhound
d48ea539bfde72872b5deda0f543030e,bernese_mountain_dog
d49881b37b1528c52dc418d03d81823f,norwich_terrier
d4a1b393012e3aef048be05d784c5158,golden_retriever
d4a4869618c541244f4018aaac00a0b6,great_dane
d4a4c720a052e2004879b0177473d53a,basenji
d4c244952ac15e6cceebdd7214e31167,australian_terrier
d4c2dfd1b7aa5af65cd89481fa150ad5,brittany_spaniel
d4c40837d07aca3085024b7c160d755b,shih-tzu
d4c7ab7811b534b7038fadf986d45395,brittany_spaniel
d4cc7be2d2a5a82d840c5d0d6438dab4,irish_wolfhound
d4d90d481dbbff9729349b3e270a1d37,samoyed
d4dbe4468560bb227aac6627237ab9ec,bedlington_terrier
d4e186bdca24be150fa257283f5fa5fb,tibetan_terrier
d4f4484540f2edfea1df2c36b536ba48,dingo
d4f88679b7b7600db5922139d3038d9b,collie
d5098803fe8e8ae632cc11df0ec4f399,standard_poodle
d50ae93eb9d8d56d3b52cf83e991839d,brittany_spaniel
d51343763fcca542f1bdc24a1faac202,eskimo_dog
d515076900624c15de25a9b5e45c2ee7,briard
d5264d9c70065f4f32ce88bfa519d2c3,samoyed
d529e6b7a8f0191fe43dd6ea8db0c497,irish_setter
d52ee32a4263a7c0924a0abc49f91acb,german_shepherd
d530703b353991efcf62e7e10b8f7ee2,collie
d535bf3a2946268c98b27fe05ed7f2ed,staffordshire_bullterrier
d5367a9c81635759c63cddc526edf3ad,shih-tzu
d5470b760dc855b84add98748e03bd77,boston_bull
d54cbe5a12642bcbef0a24130b926342,chihuahua
d554743c028b0ec7d91739cd47e3f33f,redbone
d559926a39b741a19969b9e634ed1933,walker_hound
d55f0b1e0b474c678e1c828211e119e0,pomeranian
d56ed1a1f310a47d3144cff906869f6d,lakeland_terrier
d5729b46847e1ccef0f318395b0975cd,groenendael
d583fbee2a4c69e9af446ff6939ed478,sealyham_terrier
d587009bd0b5c64c7fdb52c9317978c2,afghan_hound
d58b5b82b7d9ee79e4206e2be1c49528,dandie_dinmont
d58d8ea5531a3326f4467cb47bb05b35,briard
d599dd3288d6145c299d8b31c92be4be,chihuahua
d59ca43ea02ebe2a0b5e626a12cd3df3,gordon_setter
d5a421e33b9db2f03598af1760c71501,bouvier_des_flandres
d5a4beb5576f71087d740d1137e4513f,italian_greyhound
d5a99328bc26378c55e4bf77fcaea3b1,lhasa
d5a9fac2fa046e3649c845aa9d286e98,toy_poodle
d5ac49bf70fd512c9a38270fbe768177,afghan_hound
d5b01922a98bd60cd867e7b6d62039f2,saint_bernard
d5b91a7590c1510b727e1cf4925687ab,silky_terrier
d5b98aa5af9ecf0987b25921ee09ccaa,french_bulldog
d5bfebf92804b7fc76ad6d7190d2be2e,shetland_sheepdog
d5c742090f2d1bd616784d96a59bf941,yorkshire_terrier
d5c9f2708cfc84beb1f5af5b74a5b92d,french_bulldog
d5d1b3e622ddca79975b7d90708cd7d8,miniature_pinscher
d5d856e5a6b16e448dcbdd057e280e62,chihuahua
d5db9bd4d022fc34ac15a27bd99b8e02,american_staffordshire_terrier
d5dc59aae5cd233f9d03e10ec567ac08,samoyed
d5f0bb0a30174fb308fc79df04ad5ead,japanese_spaniel
d5f0de591ddb85ac62ae785fb3e316e9,whippet
d5fb95476c9b8333bc06ecb81fa60511,eskimo_dog
d5fc64a6e484b5ea765358bb74aee4b2,whippet
d600da0fd3fa1bde3ed69e1442aed8a1,scottish_deerhound
d612ce8febeb6a1d74add4669a002530,afghan_hound
d61a270df934b36a3d04fa329ffedc89,cairn
d62be3aa1b627562ab1b85ce73f9fede,boston_bull
d630a84482a95f1f4789b816c268ab1a,pug
d63348c8d835cd499da54d8de6a11803,tibetan_mastiff
d63508200d0c38766216f3ef91cc59d5,samoyed
d639b33dd3a399d201f995b8d9915a62,maltese_dog
d63acb5d222016e636daaf98d6b2c810,miniature_schnauzer
d6525a312a447edce56a6a10c8741afc,borzoi
d654df8cbee8ba4336355a692a3b8468,malamute
d6574a7c2c804a33cf3d29d917923349,welsh_springer_spaniel
d65bc49d1cf6be1fe8fd5798c4a28e08,bedlington_terrier
d66104727a2a8cdfd3f3a0fb17bdedc9,golden_retriever
d66ec4c83a620cca6ebf05ab9d162fcd,cairn
d67195583fae5a5cce6fd767ccddede1,blenheim_spaniel
d6857f130c251f01ab973358cbfccce1,boston_bull
d686e2bf8438d2a5c29924efca616708,schipperke
d68803c168dd707b81df84496ea2f59b,soft-coated_wheaten_terrier
d68aa9ca432fb8c9b97b756ac1d5e4d2,groenendael
d68bf61158dfabeb1bd97cdec84fe9c6,sealyham_terrier
d68f1be8128bae9979f58ceda3c76c50,west_highland_white_terrier
d69249ffd14a08732369495e7ec37eff,clumber
d694275d5ba5d57320e250535dd984fe,gordon_setter
d694d01ba01c34fcf8b27aa93d0a2708,german_shepherd
d6978271a12a1019bcb9fb57350b015e,kuvasz
d6a17a79cc8407190ba724064186bb45,dingo
d6a2e5bacf224fcbb6fafff451bd1bd2,pembroke
d6ab190c782baa4655046bf1c8542973,pembroke
d6b7723ebfd80e90faf4890affb89252,west_highland_white_terrier
d6bcaac6c121bd89f127f6b839959510,basset
d6caade773e0ae660917883ac8520fa4,golden_retriever
d6d26cf4c152fefe3d4515fdb814cb40,standard_schnauzer
d6d7678b8bddeb7a37789b17535d0b57,entlebucher
d6f09113efee7ca0f4903b4fdf42a02b,weimaraner
d6f37091a690b403411cc4066a4a83e3,giant_schnauzer
d6fb643ed203d7d01db9a4744526f2ea,boston_bull
d6fbd70900969f939deaa4f101408858,basset
d700f7428d738a40cff8266b4810e494,shetland_sheepdog
d7011c4c503f8ae150594ac9d3e1d757,pomeranian
d70233cd858bc0dd50ed351ae30a5432,kuvasz
d7113712b0ecaf9ba397d7bb06624397,dhole
d717947b987bf5d60e19ac963c548b74,rhodesian_ridgeback
d71bfc3b16d6e39fc726f47a93d4cebb,west_highland_white_terrier
d71e26c0af558afe29efb7f41ec33900,bedlington_terrier
d726e3be3e78245d2ea2cd5bc82d8ddc,vizsla
d7323663e7f5bac3ca0e1f1fa2f6aaba,cocker_spaniel
d73482c6d7e15da74be6477536e7619c,eskimo_dog
d739b294a3652ef517b86d9b79770910,beagle
d73ca370d7d89f706f09120845d7c283,whippet
d7413008ce8567c15e05cb6894ec49a2,bouvier_des_flandres
d7442f05504d23c1707d059a9aedf36a,weimaraner
d744d79f41606dbad323b3880ded77cb,kerry_blue_terrier
d7563303ddc600a8bb95b7065634d41f,entlebucher
d7613d9f96bd0d5e7e1fd38a3f614d06,keeshond
d7621d1161f69c95b4c527618db4f234,beagle
d763d3a2442894c122da5598ed6b7b7a,miniature_poodle
d76542b37390263a18c2c328e9d35125,great_dane
d7654b32fa71931ebffc7508f85d25f8,toy_terrier
d7667fb74a7d171c5254c531ec53e7ae,african_hunting_dog
d76883e92e76966fe382daa2ff57afd6,west_highland_white_terrier
d76a1cf6c6577f55114001bc8fa1d028,cardigan
d7750c85b3e5d0b3cb7adaffa5474a11,wire-haired_fox_terrier
d77cbf53aedd8776340977e523f61080,sussex_spaniel
d787b05937539cb43d0403e4a0bc3ccc,keeshond
d78b236c7c0016b7e6327e77f3728a42,black-and-tan_coonhound
d793a68896bf50ec6b19adbf2770b450,mexican_hairless
d7a98b492b4567df962762fb7ff3cdee,shih-tzu
d7aaddb8f9b021acc82989d6f4144710,borzoi
d7b8e8b5851e49502dffc5f9654743be,toy_poodle
d7c47fe9ebf2860b0483d76818c1d000,collie
d7c69184308bb29224ef9499292abb09,siberian_husky
d7c8a92ed39f40c397ec8fa7ddb3fbe3,groenendael
d7cee5c0a1a30d94c7bb60b47c699d90,gordon_setter
d7db04ffefefce6e6a1ddedbd350a38f,irish_water_spaniel
d7f3da9914b26cccb9f9e86a977545f5,chihuahua
d804a278c01fff883a53104d1aabe307,shih-tzu
d820e2f5f916d74a31c1689e00e5311d,miniature_pinscher
d8213d9a6c78738f4136606db0b88362,weimaraner
d82595dca7ce016827454328539a5bb7,rhodesian_ridgeback
d82604c1aa6728c546eaf1c3a85f980d,ibizan_hound
d8275152fe9027835bec0c405d131a2b,toy_poodle
d82b5016c8001998b9b9a1cf22806350,borzoi
d83b16a2a950d7a6b137c0a6fea98e27,kelpie
d83c437073ab4eaa53b733a1c1615131,norwich_terrier
d8488f933f021216d7a39f6e8f1bc9c5,bernese_mountain_dog
d84cd331a97cb5ee7d08974724f7055f,boston_bull
d85f51038f76b7ac987b34aeb89e99f3,sealyham_terrier
d85f6489eea87d3a09bb93c2e55b661d,miniature_poodle
d8611e2c4409411ea1cea007e2c456ce,australian_terrier
d8618518fa937be5f5754a6941398edf,eskimo_dog
d8620b5e2fe5d187ac1cec20f14e25ff,saluki
d8689e70969ba9533bcabee3cfbf697c,chesapeake_bay_retriever
d875ddeeafd44e1404b4ce4f376a3922,saluki
d8785cb92c09d3810e4ea86b5386316e,japanese_spaniel
d879e7d42ca6540a86ec8c5c42b8e167,saluki
d88d9d949d676cd61c9bd5fd7e50acf0,toy_poodle
d88fe1dcc5296a6aae4528f6fa6ad52b,rhodesian_ridgeback
d891f61cd3b9c7e32a6a5ddbdc497744,staffordshire_bullterrier
d8951830ecd4b5898a6484327dc6f294,papillon
d8959181b38109cbbba0da2db235f47b,sussex_spaniel
d89849a8b1519f2b26597dc4b405c4c3,greater_swiss_mountain_dog
d89a7d0ac27039b8dbadc1cafe221079,ibizan_hound
d8b283801fa52bc167acb47c554e18a5,affenpinscher
d8b4d06e0021ce684c1682011cc2687d,clumber
d8b93a3e7f2635d7487dd2749c194e22,dandie_dinmont
d8ba24f3c900cbc769a3b1771eff8251,standard_schnauzer
d8c56d35f5c43e257ca91b64d3d86fb7,american_staffordshire_terrier
d8caec177609c9c618028a270d3fa85c,pembroke
d8dcac39ea96e817cbaa716e31f58e26,borzoi
d8e25785ba02df22a6235ed9fbafd6a9,great_pyrenees
d8e39c28a398072fb76193c402f20405,silky_terrier
d8e4509a786dc5d844ebb20d45d66f05,dandie_dinmont
d8e49c71d93569fffe00086e6998cce4,staffordshire_bullterrier
d8e9eadd8cdaa3a14df6c8351a09eb00,vizsla
d8eee7c7a25bdb29844024d3451cd6ec,japanese_spaniel
d8f48a0fd6c36ac06eb1fe4f1b8d5a83,cocker_spaniel
d8fa88133b8415afdf9de6fe1e2fef94,groenendael
d9028d963306ad99dc5f55b94bc47f5b,golden_retriever
d9051c00e8c0436e6055f77d845b64a9,norfolk_terrier
d906ce11e75fd245403be6c907bf6d3b,scotch_terrier
d91689717c8333406434d3511990958d,briard
d91761b9302c37487710a4d8f890ba97,tibetan_terrier
d9195974648b224678fb0ef0b86007d7,blenheim_spaniel
d91c7e2d76abccec81c24a556dd54435,samoyed
d92166adb57cd563a2a9bc92be3ddec0,bluetick
d9232340fa1f7da3da085dfbb9485dca,rottweiler
d934720e6736c27c3983574b5d70e4fe,entlebucher
d935132a02a3a6057dabe4ab571cc3f9,french_bulldog
d93bed54dcc81a02081dc07acaddfe0f,irish_wolfhound
d9483ad58c5e1ae2e73ac0de09aac90d,norwegian_elkhound
d94d0ab0f504e4ff8315d02259deade9,cardigan
d94ed3afc66a657545fb5eadaa1e0e63,american_staffordshire_terrier
d953e41d5f3e8ff39a48a48db4d146a3,basenji
d958476b5a7e9699c55c0d3c9af0043c,brittany_spaniel
d959917d3824b2d501d32b17055d88f8,rottweiler
d95e7320281728b297f6ef83284dfddc,english_setter
d96559602badf0d764001d19336a27b0,shih-tzu
d9686219c1124bc134f0117db1996a6d,saluki
d96c7a1efc7455d533bb2beb4da27896,tibetan_mastiff
d96f4ca79cee3713af5a08b5d1aeea17,basenji
d971e8cc02852ea0576cf9ecb295c782,siberian_husky
d974d73918177dd97349f07bff519f3e,chow
d979688962729fa2cf50af1c9b478dca,chow
d97ed8623808e6d34bab76b758fa14f7,old_english_sheepdog
d99530d6a2f522178e3dd6acfcfe1e75,welsh_springer_spaniel
d99cc713b1bfe4b3786e462884c303aa,gordon_setter
d99e075b2610dd70e27a95c5f16e3b8d,scottish_deerhound
d9ab74f0d0afc57158e44c6956883a2d,bedlington_terrier
d9ba83cfc833f82120d0ca495c3cd06d,basenji
d9bc4f2038e12bf6cba88291d59e7307,newfoundland
d9c2cee7a77e1415dc97042e2c5458de,beagle
d9c93635483f6537ab13d13ac5871f93,japanese_spaniel
d9caf3d8e28c9ccbd2989483875c0ce4,rhodesian_ridgeback
d9dfa1ef019b07ccbf09deeed7093cd3,redbone
d9e02a65ba3b640f29e3e0bbf9a70ecc,samoyed
d9e7afce80b4ae156de2cf76307872db,eskimo_dog
d9f0ac78472ce66dd48364521d396835,irish_wolfhound
d9f6be0ded9152906b4b5dfdaf588941,sealyham_terrier
d9f80faa882c53ef381fbbb1ebbf5a3a,sealyham_terrier
d9fec2e53835b302c7c5d1d6803eb4f2,boxer
da06e7e70ec6a779f1faff2e40bae448,pomeranian
da1f66793891e95d2790e4b73170f71d,basset
da2967ce6869976d50ff6dfcb70e1381,labrador_retriever
da37b8c9ea48f3db36bd638b290980ed,komondor
da396ce6d0e1c98f796c8ef8f3c7fcd4,great_dane
da39ac1c77a8bc5ee24f592495e9f885,kuvasz
da438857d2816db182869858f4f3efbc,beagle
da45ea76560481c8c47b6c8f80507eee,standard_schnauzer
da51d38f2103b60200efa73c6ec5bdac,dandie_dinmont
da5f71e1cf0d1750a0c3929310083a30,beagle
da63e1fafa687aec77bc81463cfe9a55,clumber
da6914ff0697969a97c54571be43d561,flat-coated_retriever
da78fe89c55869ac6d1e1bbbd62c72c6,labrador_retriever
da7f53bbd8a025e32269552e648afe43,greater_swiss_mountain_dog
da82351431ac8992359ffca87bca053d,scottish_deerhound
da879ae0affd9dc7ffa761df0a16a2b6,australian_terrier
daa59e97cb75d22b9691d48bdee59f53,samoyed
dab2023fc149d0c42f905ffaa78b2fa6,african_hunting_dog
dab33799bceb2387a3daea652bfd8773,norfolk_terrier
dab5753cbc9cc7452e1d69077193e65b,briard
dabb3c1034978cadfabf60eadcf08818,briard
dabc6c904d23d787b5ef8667a68ef200,english_foxhound
dabd93944d34d72b6719c3e99ae2694a,yorkshire_terrier
dabf6f388c11227eb5d64b984e6d14b8,english_foxhound
dac080b6ac2c9d3013b3762e45296955,bull_mastiff
dac0943bf45a8f3f1a8f374cf72dc50e,brabancon_griffon
dac29948d89054e2ede1b957b53d3ec6,wire-haired_fox_terrier
dac34d5005d8ca61121ee074936ecc65,rhodesian_ridgeback
dac79f436cc24744d951ab759c35a59f,borzoi
daccbd24a803594b1860570d839ae3bf,brabancon_griffon
dad1410de6bd70cba79abb5dbfda17af,afghan_hound
dad425aa6e2d08d0743e6ffc4bfc407b,bluetick
dad5389cf2e65a822da16313144d78dd,keeshond
dad80a5e51ac5266dda64b922118e6b4,komondor
daddd59cf41b76381b8433d6d0f5659b,shih-tzu
dade054c9c79ab86ba523927c89d9858,bedlington_terrier
dae1b84026d288c5299d28297814045f,standard_poodle
dae3c0bf3f109087f31b89a7e5328e56,keeshond
daef9ef628860dee42415373fa2357a3,saluki
daf1dde58cb4cb4d55bf4e4874e76153,shetland_sheepdog
daf211eab9f3b51eadc03817f41ae9ec,norwich_terrier
daf40879d5b5ac9c66bc6cde2983ab43,tibetan_mastiff
daf558fa86ca539f975a8af9e2f6ae11,flat-coated_retriever
daf771230632470aa69c9da7deb92a57,gordon_setter
db0110977a7e472f26d3559c363cb91f,english_springer
db05ee54cbc55c69f155cf90cab5cddf,norfolk_terrier
db14ac3935698082d5e1424f1f52f0e4,shetland_sheepdog
db19763a49f08e0e887b874be8c88e99,entlebucher
db1ef03ff78b53a0aff5d2642bdbc885,ibizan_hound
db22ca12428ebe70eb4e176973ee3cbb,ibizan_hound
db24ecad88218324139f9e2f65cfbc85,chesapeake_bay_retriever
db2834327d66fde21b236b5506c521d4,whippet
db2d64f588c6c0b2394dde9db440daae,miniature_poodle
db2ff2c534e4e60b659e2d579f93b327,american_staffordshire_terrier
db319f1771b92bfc20d4156fd05760a2,lakeland_terrier
db357e6642c684e75ee8dbf7305c9f47,flat-coated_retriever
db3659a1c09ec64e6b39b53b9b5ac30f,african_hunting_dog
db39d09f070ad4584c599dbf76909dcd,tibetan_terrier
db3cb1060eb49e6fbdbe08082b8626d1,gordon_setter
db3e4f1de38bee86c0c1aba6f847d6db,groenendael
db431821761a83efec50967b2a04e289,lhasa
db466cbb0c6f243fa38cbd7c1ff6c7b4,irish_terrier
db4755219032571f2faed853d0dded0a,bluetick
db4e4609382f8d359d30f758d9abc9df,shetland_sheepdog
db51937bad556c0de62dddc039b49dba,irish_setter
db57320475dd90d5e070882d0804a629,english_springer
db5b24455f0bc4c78ecb69771eb3e7a5,siberian_husky
db5cfed638eaaa1e627f620830129952,doberman
db5d30c5c1c47af92c4fdfe59282cfbb,shih-tzu
db5dfb60b06747b115402c9562959e12,french_bulldog
db62f4b3d619612dbbade4be83a24a14,miniature_schnauzer
db7aa8aa2ec0ffecda4127bad65ceac4,great_pyrenees
db7d4420a51a8928e82bcb1d9a6c4167,dandie_dinmont
db80c33cdf2c6723380d77e0f7bc7abe,bluetick
db84277a5adca6b4a349396f6070287f,gordon_setter
db8cdf3de2c08f37e50c29b89a0bfa2d,kelpie
db906850433ed033317baa34a0905fb4,irish_terrier
db953c4fb2ef6767dd6c817574b4e447,norwegian_elkhound
db9f0d772b4b3b2452c7d6f92bb35f9c,cairn
dba4ae5fe8b6c1651111ce96c6fbacb4,english_springer
dbb4eaefd7d8c11637d1ee5c2c819427,newfoundland
dbb75e40f88b9703dbfe196f6ec57b3b,kerry_blue_terrier
dbbdbfbe8184ff95c6f9f6838b0aefb8,brabancon_griffon
dbc7b27136e58946665a82f4ff6209ba,great_pyrenees
dbd006d2d983a1b52238dc293d5139c0,whippet
dbde111456535431c6caedfa5b8c8dea,vizsla
dbe9a2868d227a12197fb6c44b93d85a,norfolk_terrier
dbea4a468416494d088a8854218b099c,scotch_terrier
dbf58e6de2a26b9f6f26c1c8723af964,japanese_spaniel
dbfff28982e6d9f71c4491d3f9246fac,rottweiler
dc068bd9527c4b3d7cf62fa73ae23bbe,brittany_spaniel
dc07c140b26ba8f2c75770f00229270b,japanese_spaniel
dc144b931fbfbd2cefa8718b9a2cd5f2,miniature_pinscher
dc17313b78b555caab983c9270dd3ab9,scotch_terrier
dc17875272a541c7c8afa2a8451e801d,west_highland_white_terrier
dc19a7f22b2f78763083633f21db6602,afghan_hound
dc1c430fe26e231d4c8e13d2ee14c5ad,keeshond
dc226c922a709fd866d25d7d93b859c9,samoyed
dc28c131838c21c74b77e2c4f411fd4b,schipperke
dc3d4d214533950f6465ec2483af39c0,otterhound
dc44465b8caedd8d06f52a7482036a02,bluetick
dc56a2b217661f2b3b521d8f58c1504b,dhole
dc58e98a94ff4d49ff7242b5b860f167,newfoundland
dc5ae45eebbefb3cb9dc42550487aaeb,shetland_sheepdog
dc5ce2648529adf29ed15b7180e0850f,bernese_mountain_dog
dc73bc42f35f710db421ad16a066d846,great_dane
dc893fffb650488d1d9afa5fa70a7b73,border_collie
dc99929daa2c14970c44afaf16ff502f,flat-coated_retriever
dc99d12a7cabf5d737be5a74bf56c3a9,saint_bernard
dc9e5324fa4d1b4cdeede9b031d3fdf1,komondor
dca86fc4e9461bb4fc110bf1e13274ed,sealyham_terrier
dcaa788b4a781d17cfa724b27d7c51fd,bluetick
dcb46e9b28b12225c4897b86bea16dbe,chihuahua
dcc19db6b4e117d5e4f7d1b00fbe3982,tibetan_mastiff
dcc865c3a438f9d0f8588dd7d1e0aa09,labrador_retriever
dccc38e7901939c3181a71da57105c46,sussex_spaniel
dccd2dd384090bfdf9105015167aed23,beagle
dcd8ee5311136967d14a2b4592963da1,afghan_hound
dcd960c964daef0971659471de7b3992,chesapeake_bay_retriever
dcda81d6b22e37e4c0fc36a383a61e73,toy_poodle
dcec7c0803824f23b3faa75257d0daa4,weimaraner
dcf58c0dac2664e94f476fdc56aa7ffc,walker_hound
dcf5b9d3ab80c6829b10d20b72b67746,eskimo_dog
dcf871b987529e8b80b6e058e6150691,great_pyrenees
dcf879aab841a13c41194ec90bc0fd7c,shih-tzu
dcfa82b89aa735341c1d5dc52f331b89,italian_greyhound
dcfb91097cb730519db11709821e3afb,appenzeller
dcfe4f0f7d7c091e8488bff8662582be,bernese_mountain_dog
dd0834325da4d5500f22614308e76d9f,cardigan
dd10fca78ab9624a15f55293c36ad292,basenji
dd126e42b474c3831f8fda33052428c1,cocker_spaniel
dd1306492b2087d880af68186b145604,bernese_mountain_dog
dd19ba0779065dbab0c28842fdf5851f,boston_bull
dd1b3f07d67fc801884d25d085441f06,cardigan
dd1d181a7224fa5a1a7c1fae05eec93d,bernese_mountain_dog
dd1ec05369df96f7b53cf3a7db056e99,irish_setter
dd2026cafded2318431c3c78f5026fc9,american_staffordshire_terrier
dd273d04d5bd6da804f278fc767c6ca8,norwich_terrier
dd27b4e1da87a6db84d1aa08f908c95d,staffordshire_bullterrier
dd28cda8dfc9a97642d3333722a520af,vizsla
dd3509cbfcfc094e5e4726b648a26048,lhasa
dd4449d7083cbce6c5dbc4d66091652d,giant_schnauzer
dd48373a8d9f30daf5f7b51a3beb1325,toy_terrier
dd52583a6a9bfdcc5278c5d61a57b7e1,norfolk_terrier
dd5a3c84fb3c388ecf0b4da61eaef352,basset
dd6482115d974cab92c9428c9a6fe29f,afghan_hound
dd664bf798e6b767704a9da2e0d26cbe,papillon
dd68215c1ac5b073fc42202f229bc283,vizsla
dd694fe7f5b46a6dd7c545d31004e1f6,siberian_husky
dd79ba1404da7aa15471494d11657b68,shih-tzu
dd7bd28f48de7a9dd72dcc4fbfe50741,blenheim_spaniel
dd826e6990638acaff24142f0d4b0b4b,cairn
dd82e748363c70f532e630c5197dd789,west_highland_white_terrier
dd8e6927bc7beb0b332ecd443c4f9a42,ibizan_hound
dd9aae7acb992593e07aa905ff4e5ca4,scotch_terrier
ddbc4983d977bc4e0f4e622da3dd747b,beagle
ddc8d051c9b476c1eef9d35566490e59,cairn
ddcaf8e4f88b5c86a622cd62cfadfd5f,german_shepherd
ddcd72819025d48d4a205f0876e432a5,briard
ddcf9049e60ad86952d8298ee6ab7f58,golden_retriever
ddd8c3182bae599b884efb8cf4112f6c,scotch_terrier
ddde5939ee7175be941a1ae0b8fb404f,eskimo_dog
ddde7d44c5c478092358387baee20cfb,american_staffordshire_terrier
dddece0d4f1ff6795a125836e4a88e07,afghan_hound
dde1f99c744c9c5f3bd471bd390314d6,komondor
ddf23184178185362a7f99031328aae8,chesapeake_bay_retriever
ddf85ff807c96d56f25b420fcaa121fe,saluki
de01c11dfd88085d19b336a812a1795d,irish_setter
de0966a23cecbb9f481714b059c8bcd3,english_setter
de14c220f31820f5c9e13ee876d95a8a,labrador_retriever
de1be063c475547284487f18f738dea9,bluetick
de1da53a478bd391889a98ee9063c2d7,silky_terrier
de1f5f90eed51d8229d197a91d35f4d4,bluetick
de2b37e3a9b09388de6fac2872acfac4,flat-coated_retriever
de2c9754f0687fc8d0922b990d274777,kuvasz
de2db91c990838b3951a72ad21988e31,otterhound
de33550ba1323a0376fc1292a1d25d71,beagle
de37d314715709b183d88ec82184330a,wire-haired_fox_terrier
de3ee90f9042b3cdae9aa9f1867eb751,sealyham_terrier
de41f775f1b52a040d0965e0923bc983,irish_setter
de477e14f0f55d3b3f591f137d13a698,scotch_terrier
de48dcd04693d44183fcd50cd329d2e5,rottweiler
de4cf4fcb0bed47267572b694a77060d,miniature_pinscher
de51f05ddadfb52e97fbc8799891ea8c,bernese_mountain_dog
de578be532caa0a0cfecd1a553b7e373,old_english_sheepdog
de5e511f50c8e04008da3de616f254fc,affenpinscher
de8095b35aec0e2a0d07ed11feb11a28,walker_hound
de8c32b71a43eef41eb1af93c1baf150,standard_poodle
de93a60e4b3dd5518460dafda4a1c8b5,lakeland_terrier
de93e2daa7d4993c8e531eb71110ce46,bernese_mountain_dog
de9543af5bb528ea9ef93832856b6d4f,mexican_hairless
de9c66567290fc6574e102d21dc3a957,african_hunting_dog
deaba13cbf116d0dda2868a55c697d0b,kelpie
deb5ab49dab71dea5d3a076f00eb4820,border_collie
deb6be36f63461d4f85c2233f0f25c6a,african_hunting_dog
deb88665ad11440ea55963b57e9ad79c,soft-coated_wheaten_terrier
debd010c990b4217cf5a3d6235f123a7,italian_greyhound
dec0bb81afcfc4c35c7c6790975e5633,pomeranian
decaf524b73836c58c7eb371cce2b980,golden_retriever
ded35f1917f66ed6cb3179e163406aec,irish_terrier
dedbc436c840a97feb7b2f3fa1175fa5,borzoi
dee5db7f0834ca1db80615a9d5fb6334,chihuahua
dee8384897c606a6301be26f1af90d67,ibizan_hound
dee927ec2ed2efb5ea8bda227d0be2b5,dhole
deec532e2bc9651c24928ead1d10b199,redbone
deee559315624c49a59358335660ce37,border_terrier
deeffdd5ee6aac9f7fa2f31a89e07498,bull_mastiff
def4b391140f0633501190070ffd81e5,cardigan
def67b643b92ee3d6cdec1128df0a9b6,pembroke
df08c075e337bb17c6dd66096f3dff4f,dingo
df0b926ab57cef7c005b47cd2dc3f44d,entlebucher
df12a66b9b154c8bbe922846944e2ef2,boston_bull
df1f2dd6e993e8d1bbc325768806be5a,leonberg
df2b16112524fe0c873530ac2357368c,maltese_dog
df3ba5eee0c008a3284158bb89350673,tibetan_terrier
df3e21df71f9c3bd57b3583e34734cc7,schipperke
df464ebe3f311744241cb3d9258a5000,flat-coated_retriever
df46a6469c374b869375ef18a34bfe35,schipperke
df49b6b0d9d61736047884253bffbf46,great_dane
df4d0576d927992df06c9bb08bb9bac7,welsh_springer_spaniel
df6731703d42db260e3b070fed033e8f,komondor
df775558457f8fc42f50a1b944d89328,basenji
df780bd081dc94caf4d1b08583fcfb99,chihuahua
df823d73ef4bdeda8b61e3435db0ee6b,soft-coated_wheaten_terrier
df83ac04bc6a6891fe79d6e9b56c391b,vizsla
df878b8c7162cab57b3f9e32c595b05f,afghan_hound
df8895a945ab874f4a9cdd451aebc011,french_bulldog
dfbeabe922f09fa99ce84c6a94210279,italian_greyhound
dfc12676704c8931010ff087e117d2f2,redbone
dfc362b94e5653a508ceaf63d6b1ffa5,otterhound
dfc726ff7000561805073a11d0d64178,afghan_hound
dfc97c3d7a59ad4d89e791e6ab14c49f,boxer
dfd42ce694fd4af24a71392b94176b56,leonberg
dfdb153c5100737c782c5f9578717594,basenji
dfdd8b613bbe040dcd583ff89d71aeda,malamute
dfe45c3b288b8224eb17dbdaf1706496,irish_terrier
dfed11d5d68bd13d8587bd3047ef8e5c,labrador_retriever
dff884afad091397ca26465ffaa75084,cairn
e0010a83e9302a3abef2ca9b57f9c38b,pekinese
e00130d97b9b4073e79e0aed53fedc3c,irish_terrier
e001b6f5092b2b90501111b23ab30d12,border_terrier
e0032d2cfc32a75f448d9f931f6bca19,rhodesian_ridgeback
e00443152fb5951922730b21ba08f8f5,old_english_sheepdog
e03cdc6533bf441f8bdb7467b1039996,maltese_dog
e03f2a3e636ea5900f5c57ca7c7af68c,dandie_dinmont
e0417404576aa3117ab1a0c646743ed9,tibetan_mastiff
e05db2e9a15a9af373794a95efee44df,boxer
e05e54a99b170e04cd266a8e90aedb1e,greater_swiss_mountain_dog
e0629e36f6f2f4708db4b4d68bf1a75e,sussex_spaniel
e062d6b642e375e2b3d15057f441163a,dingo
e06564ae7d0a60d41052c61076014a95,kuvasz
e06773bd0666b3b9597b93a54e302c55,basset
e07277bc6a6a0da06598b3ad43a011b2,pug
e073b458a33cbfe9b733764a1246f52e,saluki
e0764f7b42ad2336c96d414b419af335,sussex_spaniel
e07e46622e95d95ed698113415aaeda6,miniature_pinscher
e08af1f586d3150e4cecb3c42668b0e0,curly-coated_retriever
e08c321bfa4141ecfc3dc6c5488ec770,tibetan_terrier
e09cf0d6051273932911650565c30e0f,english_setter
e0a59c9a8625f5ab3015c4ee460e5f1f,shih-tzu
e0acf08c678ede145c9824dbb7c3718e,lakeland_terrier
e0af99a3fd26fa2f9c601d782c5e7b6c,cairn
e0afc52cda56b96803e099a0b69fb173,tibetan_terrier
e0ba27b6d9250ab716da71da96b3bca0,curly-coated_retriever
e0c2b69fc53eeb74dfbf31a1ce54b11a,chow
e0c759008208229026ae7aeb04da7a75,greater_swiss_mountain_dog
e0c78ec8516f29e1b0a94ba500bcefbc,great_pyrenees
e0cfa8c273838e25d74970683b285391,pembroke
e0d0ab2c3c2a2c157c34889ca09e2dd7,rottweiler
e0e54245b5dc9d5f66cb1012bae1a10c,miniature_pinscher
e0ed88eecdd9e2bbe6317ce9f5eb0847,english_springer
e0f1273a2ed4e1790bd92880d0651893,papillon
e0f559dd162599f6bd888d53626d3c6d,pomeranian
e0fd9680fc1183c6c2de18e711192fe5,shetland_sheepdog
e0fe902cde4c16de2dd1bd8c5b6dc08e,komondor
e1064093f30092d63747f9674d6b00e7,tibetan_terrier
e1109172b47d152684b6e54b97ae6758,siberian_husky
e121342b5b88fd01c5c0a6b9406bccf2,toy_terrier
e125be9ab7aa556c82f6b33e316fb523,norfolk_terrier
e12986379661597e7c287008c89f4ea6,schipperke
e12b685cebb695b56fd1168dd4386582,tibetan_mastiff
e12c6bc13e4ab1de4dd12d21ce74eefe,brabancon_griffon
e139e3a836bd9c57af5355847b8eb805,yorkshire_terrier
e13bcf54507eaba884de1faea9af4dd9,bouvier_des_flandres
e13d468a13740374b13ad373d508c58c,tibetan_terrier
e1466949f06f43556943189409054b1c,norfolk_terrier
e146cabda18bbb2cb402dece1a7dd4ef,bernese_mountain_dog
e146cd8f43b445baab08b03548c425c4,basset
e153e4725d7323d1833817d7cc1c9b01,shetland_sheepdog
e15b8ff62b03b844e352014b16881251,bluetick
e15dfa0f3c2c47fec01f048312ca8bb7,kelpie
e167b2451fa1a46c231f4a628800b5db,african_hunting_dog
e17462ffe48dffec8ff70325a6047957,bluetick
e17f3e7d3d1468c34643e60cb622e935,brittany_spaniel
e189ef4583d4b2187abaa63f9a4fbd81,eskimo_dog
e19ef13146562537f75ddf4c447d9697,blenheim_spaniel
e1a7959ca4b8da181cf109794cf2ce19,english_setter
e1af6b48fbc089b3704ee26ade7b4f6c,clumber
e1b04d497388246d0305c01f8d01fa1a,standard_schnauzer
e1b7f7010a5f6162a99fffc720f3259b,maltese_dog
e1be68b2576ddfceabb23d33ee9e07ef,pekinese
e1c77280c29861d14cd2c891ff8a362a,eskimo_dog
e1cacd82bce4a66313debf5e883fa806,silky_terrier
e1d0619c08c523d87097109784a1d0dd,english_springer
e1d53fa88060cde37192028ee3ca4629,rottweiler
e1e156d500e30cf73f53970a09af93c9,redbone
e1e8cefa88b84062d11722537ec61214,schipperke
e1efa8c07decd2fe9c807cbfe157b8bf,soft-coated_wheaten_terrier
e1f5774f729e887a7314dfaa8fcb0b8a,scottish_deerhound
e1fa947ecb1ca186470952a971376bc6,miniature_pinscher
e1fe81af46e109cc63e17616dc630fb7,bull_mastiff
e201fdbcd92e3d0a10d612d5e0b77b35,redbone
e208bfa575753207f240ed5619f93c41,papillon
e20e32bf114141e20a1af854ca4d0ecc,tibetan_mastiff
e212cce60c302d24e8aaf0fb87ee0b2c,doberman
e2164f0cb48f319ce4e7ca70d82d8754,brabancon_griffon
e21bbd2082fe9e256d856c9482aaac8c,norwich_terrier
e220d27b48b78c1b4445273ecd03c0cc,airedale
e224c29118a187dccba77b4aaa355767,collie
e229e4628facf3fb9cd030e0ac484722,pug
e236f0b66a5a700022dbed8458e81d26,english_foxhound
e2379f60b78b0939a84ebd641ff3bb4a,cocker_spaniel
e237f2c2da59abcb4d622106db8eef11,leonberg
e23950a981b81588f00133a2c0c5cfb7,west_highland_white_terrier
e2399ad3385db144d54b63986e8247f1,west_highland_white_terrier
e24af0affe6c7a51b3e8ed9c30b090b7,kerry_blue_terrier
e251a767dc8d07dcb4d33cbccb25cb90,lhasa
e25accfed48409094b7c56c6a92395ad,brabancon_griffon
e25fb7b550a55bfb47e3805fc00292bb,beagle
e267360efadbd9da278fde791fc03f20,irish_setter
e26c0ce9c297f9abc3b16c37cd48a133,norwich_terrier
e26c1f3142aca0c02cac1d766e87db1d,irish_water_spaniel
e270622b5ffec8294d7e7628c4ff6c1e,brittany_spaniel
e278e285726d3ec4b737d80cc891d266,chow
e288a162bfb38659a7ca6809546b6dff,cardigan
e29768ede01098a68e5021b453a94ee8,silky_terrier
e297c765ac7e6c1d7c4657c7e72b1544,american_staffordshire_terrier
e2ac9b607458c25b1422271887f27e35,great_pyrenees
e2b2636c291ebf5649ba403b9592f51e,maltese_dog
e2b39eb9cb8b34303cc3527f8f8df9d6,samoyed
e2bba60478d1600a8b85b768196e7965,shih-tzu
e2bbe6eedea8520efe8c709d091be39a,newfoundland
e2d770fe32772edb9dba937c009f3e4d,miniature_poodle
e2dd7700aa63c7982130ec9087086bbb,otterhound
e2e10aeca2bcd6e9d9d91cd64efc13a8,yorkshire_terrier
e2e46a91de179a79ab3b0ec7f813df27,cocker_spaniel
e308be2d0ae640f51c08166b2e3ce396,irish_setter
e30db8f52d5fe88e128697d8fbd163e9,samoyed
e3104080c13200a90467f712dd2abd08,samoyed
e316925eb1cf7cdeb1ffaab7424e231d,shetland_sheepdog
e31fe999723e849139c1931ddd9f82b0,miniature_poodle
e32461da9c81edd9bd5a6cc2d7183129,english_setter
e33873fb8e4f52734ab6b584dd6ede0e,cairn
e33ebba7c3621778acdd362e12d35660,great_pyrenees
e342333b4dd5d53c4720bb69b72cfe4e,silky_terrier
e343d8cb8acee3f75ad304a68ec68d6a,french_bulldog
e346c77b51b03999cbf7d89ae776e696,great_dane
e3485777ce8e1a08de482429cd38a420,affenpinscher
e34ee9dce9546a1b520c1c8a3badb605,curly-coated_retriever
e35eb70a03e9f7f190a45a820295a671,bedlington_terrier
e3674d52b8788561fc9e21430c9bcd67,weimaraner
e36b6d896092fa3f2b3298ce7adb2d97,brabancon_griffon
e36c116cdff32db5d5b87b3c789ce46c,maltese_dog
e36cf92886e752cdd8be2101b3090a2c,briard
e36f90b1dd7921dceb536c79989fe69f,keeshond
e3728ac64318af2803ea1774459b2df0,ibizan_hound
e37cf6ff2d694f48defa422d6a6a7ef8,whippet
e381b4aaa19c31ef6765ab0d0af205c9,tibetan_terrier
e387ac130247a8a48e1a136d9a4e013c,australian_terrier
e399ac36963facd47d52aa56df4e6e83,giant_schnauzer
e39c995703aaed29660f904fa5bce520,american_staffordshire_terrier
e3a3ebddca40ff58d0cb9b8205c46066,bernese_mountain_dog
e3a5ce3bc399b7b6c68a29a9cc5600d4,irish_water_spaniel
e3a6203b61fa9cd2ffad92ebe31334ca,silky_terrier
e3a8e45ac0004fb87d2ac40bad70114e,pug
e3aa1999ea72d13102a3810d312b49ba,basset
e3b0ae3127ce33aecce9f512db0051e1,pembroke
e3b794cfccf2ed02689f046aebe7f650,entlebucher
e3b8f3589a7286ebe017300bf780c279,rhodesian_ridgeback
e3cc185776379b55e23a9973bce785b7,scotch_terrier
e3d9ae0a1ff03eeb37b6ca4bce7bad97,beagle
e3dac9d6f0bf998d55b310d37f5d4a27,great_pyrenees
e3e2cb3f0677ec569e74474b7e6a236d,whippet
e3eb50726f2104cbf86db02d443e04be,affenpinscher
e3ee6250e25e90f6501f854b27fce20c,scotch_terrier
e3f184140f68b3502dfb048607556438,entlebucher
e401d9046968cb01f5bdb97f92e61428,doberman
e4067d97184c1acb63af99e1e30945fe,blenheim_spaniel
e41d436e4f76b4c13a92abde03ae2721,irish_water_spaniel
e4245709e4060e08146b5fe1af72385d,flat-coated_retriever
e42d24760fcb9e6273a29e2f083ba9b6,basenji
e438c6b845a8498620dc14f2f25bf603,dhole
e44455c6c55cd0ca746c3d992e25e672,bloodhound
e450c72e96ce47b6c327c671ea8e85c0,west_highland_white_terrier
e4524b9d4614cb5aa68c7dc3e26cb42c,blenheim_spaniel
e466e0a3b43403c7bffd943fffc92ced,silky_terrier
e467353f2da5b49fc7a8e9835b22fe0e,sealyham_terrier
e47a26a0b4510b25250f654577207ed3,samoyed
e47cac448a3250262bee5660d393da9a,dingo
e483418ed3331b5bdbd39cf4539fbfb5,schipperke
e485830e23ef663878896f45f85751f4,dhole
e4913c578cba8c59d842663fa734d337,golden_retriever
e49b6c0fb5b8bb8b86fe2a1f48c65746,samoyed
e49f8aaa63a2ad36d11ff50fd53e25cf,entlebucher
e4a159a9611f2025cecf53bf8e09699b,toy_poodle
e4a2121c2de5de095855677d4e6eca71,affenpinscher
e4a43542e9d62fff9a6a95e3ce39942d,borzoi
e4a4cb1f4ab166d24cc5215abeb327b9,airedale
e4a669bdb348065f7760d43fa3efa731,bluetick
e4b586f1a120bba42545d866d45d0602,blenheim_spaniel
e4b99d348bb5eec10e433c02173d057e,samoyed
e4bb015a94aec342233058e7bf430704,welsh_springer_spaniel
e4c7a29165989410af12b0e3fc6bef0d,doberman
e4ca855e09eabf518ed39a0a545da981,toy_poodle
e4cb3bc8fc0dd15216e26c00a7b17d81,weimaraner
e4d8b52bd1e9f425f227da0ab7c0d7bd,basset
e4e3868ac4ef2dae776dcb129e152e5f,english_springer
e4eea0877800039013d0b17a4663bd16,shetland_sheepdog
e4f17a9e5ee1ed5385744cd6e8916a4e,bernese_mountain_dog
e4f4ecefab54cba3356b0c8bf7ce4fee,bernese_mountain_dog
e4f5d391d0eab2c83493f2110a743da3,english_setter
e4fe0acc8e0372aae5d0b0817e70bdef,boxer
e505e918813f8b9e076307e6b884064c,basset
e5064451d5ce1b406452427679281bbc,saluki
e50655050c46e29c5d61527f391475b4,bloodhound
e507c47a34012fb435804f89797b6abb,kelpie
e5128f2c854ffaa8e53b917edd0741e9,old_english_sheepdog
e51781dd757f5355fdf5f0b5872b6ae1,pembroke
e517cb6c5a2942b6a1b545e84551372f,english_setter
e520916265354a8ba4b27fb074795c6a,flat-coated_retriever
e5271262c8e4fd79dff994f9ed711dfc,german_short-haired_pointer
e52be5cc43cf78690312e1098422ea7d,cairn
e53b517c2d19cc71b91546deb4013864,boxer
e53db2fd75c0dd5e75e4d6d2ccd80e6e,irish_setter
e5470144eceb4e454681874ffe3e7e78,miniature_schnauzer
e54ed50db3e1079db9284bd30494de76,wire-haired_fox_terrier
e550eb60eb9f908f253a79bb75c3b82e,labrador_retriever
e552addd2461f8a62e9691fa26b21370,bull_mastiff
e553589d94e2d8e84f0e20c33a8bb17b,bull_mastiff
e562d56214836fc2621f01d53f25c44f,saint_bernard
e5679014512835a825578b7b15676df2,japanese_spaniel
e568fcc1564833b782490800a507099f,entlebucher
e56ce32aeccac2bfbbcd6eb80ab337da,shetland_sheepdog
e5757684859b44aa875efd4d67661399,keeshond
e57c7aad6b6851575b78e7a692df7ca3,sealyham_terrier
e57ca37ac086752c46e40a90139f9b26,bull_mastiff
e5831fcb399c887cb0ac1e3a3d229f7b,standard_poodle
e5851276fd2652397d1b3ebfc345589a,brabancon_griffon
e5861b5d5b08d0e03ca3e3785e44cc88,saint_bernard
e58621674644d3729585675ecf09c091,ibizan_hound
e58763e5a8e37bcede344260eb20f26d,walker_hound
e593a51964b8dbf67e3a8724667c1102,basenji
e593c0438ce45ae8abc32a8ad154e776,german_shepherd
e5955cf16bd1c54a1e80f5a031851482,miniature_pinscher
e59ba8576716c823f7731385d802fd49,scotch_terrier
e59d5676c3b4910024b164265ace3217,afghan_hound
e5afb48f945656686984a28974cfca73,norwegian_elkhound
e5be21baaf39b50fca94e56c3b29416d,irish_terrier
e5c20fbe4702370b3dc2690bb72a8cd7,siberian_husky
e5ceecb78014cf7eb9bed9a6ce23dbf0,saluki
e5d36dcf26d2f478531b1702508b13aa,kuvasz
e5d7f92c5a70ddd58cf5dd32d573bd2b,kelpie
e5da6d29569d6d93ae3e0d04f35ab9b9,bluetick
e5e49ed50cc1f2a58f1fca768a977391,pug
e5ec89512b1aa4594fffa72867874a27,borzoi
e5eed37393749b2aabc60aef5cb0cf27,walker_hound
e5f1325af86723ad733000ca2adbd226,german_short-haired_pointer
e5f1d18d03878ce30dc24eb945652698,pembroke
e5f8c5b22071d0a266d80e3f9edc1cd0,scottish_deerhound
e5fb57e9d1239cd72c7855be2947b0c9,vizsla
e5fe6ce882c440a45354722376fdb770,siberian_husky
e60889840323eb4be2ff9498c79c1409,kelpie
e614058019fbb49489ee4f9090cf25ef,samoyed
e620a0807519a406a20dbe50ebeb1b1c,italian_greyhound
e62262c8f83d4803009619aeb1e8a45d,kelpie
e623bb54da50bddad89dbe36582ef530,scotch_terrier
e62630fa77dea4ee5a100e23edc6d061,beagle
e62e94130670395491f57ca19cc540e3,pomeranian
e63a11b5cf02c211a6b92145fa3cca1a,brittany_spaniel
e63afe537a7d02e36846ca681e89f198,entlebucher
e63ce7912e8a260513f3d4d9db3eaa62,malinois
e640b0064c429c2cbad0788219b57303,scotch_terrier
e644ef9e5c4240f7d1d87305fef7aff4,lakeland_terrier
e6462e5ebede53be91c8ff4c5022c3f2,shih-tzu
e64f734a28b021ded23cb8a25ebd5613,brittany_spaniel
e65087fe4a5ef4495d30e454f281b06f,black-and-tan_coonhound
e655b500159688691e025a1177936df0,shih-tzu
e6689ca3adab4609b12a24868b8d3bef,dhole
e66b165e767d45ac2ef046873a27ed29,wire-haired_fox_terrier
e673bb6ca717b8dffe3b5ba35da07a83,toy_poodle
e67eb5ac576a272a62033127bf4e6570,papillon
e67eb5ae1ff58374b0e07398d5a0da5a,saluki
e6817d4d0b53ec2dc5339166bcb167c0,rottweiler
e681969d4b5b730e9c93ce5e9d9ec9ff,miniature_pinscher
e6898f5cc43bb4a30970f2d2210fdb9a,dhole
e68b9b319d716e7c3d927a823c99f6db,beagle
e6a382c2cca7aa606dda1d5f7109cddc,airedale
e6a3e08febb3d2d5803769ee624392f3,basset
e6a62f69da66da8492120ac8107f68c1,eskimo_dog
e6b47a2f62d0956fae1f3970f310b64a,great_pyrenees
e6c13efafeb9ead1ba224c0fe9edf59f,papillon
e6cdf82e11fd0ee6f73c55c0b4944616,standard_schnauzer
e6d9085fa22d76e3c089cfaea8f39479,beagle
e6e89b7a7579de5c5ced94253491953e,irish_terrier
e6eb11571ef963fac4d2300df3122f85,australian_terrier
e6f837210a5b4c4f171b21f3a43ae12b,entlebucher
e6ff9171c960a31363798343982338c4,newfoundland
e716ae8410966853094bd28b0829feff,african_hunting_dog
e728ffc9ca204977f2cc3c502c68d823,malamute
e734678e0c18e103c41023e11b92e012,affenpinscher
e73d792517b5e717709ed11782adddf8,italian_greyhound
e748f61d39da506904f531c7732df512,silky_terrier
e74d4ff0bbbaed7ed27b0dc3a27aadb1,standard_schnauzer
e74f33ae3d78d3d2f8c75b8fc847f5ad,maltese_dog
e7518def797fd4193bebc97d52ecd66f,bernese_mountain_dog
e75f2316c5dd47b87a22bbe95cf8b8da,tibetan_mastiff
e76687c549303fb57aae9866739f44b8,mexican_hairless
e7678fac0b8f1d97e742644ee75a8aa2,flat-coated_retriever
e76a6bb8fdb21c7fcbb4f9f06bbda574,german_short-haired_pointer
e76ab0b6cd07a1583ef84a2d4dc98aca,rottweiler
e779a2c3d07afb0056a1e33298e9eecf,black-and-tan_coonhound
e77a27e8f24034facbfae4b2dffd476b,labrador_retriever
e78fc6d10f9d4646a50004e4ac74ea5c,bedlington_terrier
e78ff6b0a2d3a58234760d45e984eccf,boxer
e79011daac807552f798aa1effb60ee4,border_terrier
e792459978c605f740a2b553ec1608f6,dingo
e79578de293a0b46e92448ce8f8bb69f,shetland_sheepdog
e795a13bbfa8a72daeb315646f83068a,dandie_dinmont
e7997562415c62141d022cfa8cae1c60,samoyed
e79a196a6e1772b9fa6b008b597d3a08,affenpinscher
e79a5176fe0322a36d09f057d64aec54,greater_swiss_mountain_dog
e79c6a88cf8da397ee67235a04741f2d,shih-tzu
e79cc376c53b8333546437ca6e5b8759,siberian_husky
e79f822b26adace4455db1fcd94ab47e,schipperke
e7a8a3681524405b2e987ffbaff6d173,cairn
e7ab11f849e895ced3cdddf4d90e5bd2,cocker_spaniel
e7ab74acdc860dfb93271901da085ffd,gordon_setter
e7af30693df78697b8541fb5e2e46941,great_pyrenees
e7af8f590b4fbdca0779f5e606ef91a1,german_shepherd
e7bc17ef352ef576b73467ebe9a407f1,airedale
e7c5692d044250d303a839d989132bf1,chow
e7f2f67cb616281a89fc77a6bdea6eb0,japanese_spaniel
e7f3274adaad369068602a422e9df192,silky_terrier
e7f491cb903ff0a294eb63c625ef090e,cairn
e7f4f3c25291884f2dfe7c60051d6949,pomeranian
e7f6ec634384c07f7a0f5659e4f77867,brabancon_griffon
e7faa5748d8320f604aeb3fd5bbe4ab0,saint_bernard
e7fda54b5e96c6048dad68414568f142,west_highland_white_terrier
e8013a8357f9eec2369ee4e3fab710a1,bouvier_des_flandres
e8057e2f1e3bca4e9f4a2af48a9a9c46,standard_schnauzer
e80dbb78fb1d763d01d73b2f367c6805,silky_terrier
e818d5a7782350e72171c3dfa05af02a,irish_wolfhound
e81b2d682dd2a2f5900b07551297f0a5,welsh_springer_spaniel
e81c8db07ad9b5291435e3aa3ac728bf,chow
e81e8496a9826236ee5dfb24960aec6d,basenji
e81f7ae7181b7efe18eb433b0079bdc0,lhasa
e81ff379277f5023333efed3beda7f64,bedlington_terrier
e827550ea6ab19bbd4916d9952ee8765,great_pyrenees
e827e6439b32ea68d51e894a7350c699,toy_terrier
e82a61cd6a3285ab9bba11fc8d752fa9,cocker_spaniel
e82fa6e85fd570b2f766635eed62fdf4,irish_water_spaniel
e8489d90981775781ccff2f27f7f413a,english_springer
e85f6d7af1405365c8e576d0a0aa7a2b,briard
e86503273b282ab18bd09c6b6ef63de7,yorkshire_terrier
e866558cded733e2788c68b170752f59,kerry_blue_terrier
e86a88391d017cc3807cc9653a4a7290,basenji
e86acb593c6718489134a45e8b936b90,afghan_hound
e86be20abe3ab746179728fa6f19bc59,kelpie
e86f7777b271c54f7d0d6a228637c8d3,boston_bull
e87a86f29c8709e81bbea9c8139d739c,bull_mastiff
e87e709987ed707393533e9d2429f585,chow
e88140754690d2544c2684475cd4c6f7,schipperke
e8827c1b0698e56e60f735b142d69d18,yorkshire_terrier
e88f4a70305e582965569c4ca91c34b8,bull_mastiff
e8919d9aad4b786433cde19e387df19e,miniature_pinscher
e89b8245a8e0dec55c3e6aca21e9b374,schipperke
e89e6cbb5d616ef9904675b9e6db06b3,chihuahua
e89f2129dc5830c7ba5114c7c79ee459,toy_terrier
e8a321d602628f7efd19a567974d8771,american_staffordshire_terrier
e8a902080c150632c8b45b8013d0e540,clumber
e8afeaf121012b3abbac531f126c198f,bull_mastiff
e8b700408541ef85238927b90b33df67,australian_terrier
e8b73dd9f11945ca1de70c3174c724e6,briard
e8baa7663b726cad8eefb319ca7d8195,dingo
e8c241889ceab17b1ee8ce6828477204,black-and-tan_coonhound
e8cd220184f16fde613b32d157699edf,saint_bernard
e8d0712b9ca47f77b333858183a38ef7,saint_bernard
e8d09f74216aeede7e77829e177de7c0,rottweiler
e8e113dfd19ec90776c74b9105f3c29a,dingo
e8e8ec39dce62227cdc94ce91d761363,newfoundland
e8e9ea1506e0ad9382665b2690ecb4e9,chihuahua
e8f36fbe544d5c3329bc9e51606abcef,old_english_sheepdog
e8f5dd1ad67209c064965691030a07e5,weimaraner
e904a004a53aab0ff5902239f538afe1,chow
e90868c5948296e603f26b2d2696f9c7,soft-coated_wheaten_terrier
e915b76d7c4c65ad14a3b808c5f6c9a4,curly-coated_retriever
e9179ddabcd26e81d3c3604a40e97ea3,blenheim_spaniel
e917bb5669e0c273eb16304af1f69e1d,groenendael
e9192e92049f545405dfbb8a2a05a8c7,leonberg
e91b2802897234af87d09702a6b23b16,african_hunting_dog
e92c996c9454434af5a9e702076338dc,vizsla
e93489f9d52d63c373264b27daabf420,welsh_springer_spaniel
e93aa36e6a6951470a703ffb9020e9c4,shetland_sheepdog
e94234a15721850c8aaf3a94d2363f4f,great_pyrenees
e949de04a40965ca11bf4bc387cbcaf7,blenheim_spaniel
e95bd9ab625ad1c16b513a13a27c447d,beagle
e95daa31113477bd93955ae4852dd46a,staffordshire_bullterrier
e960fc18473c0998c1ecbda887aa6bea,siberian_husky
e96a5909f47824c1410fd00e3bc23f4d,chesapeake_bay_retriever
e970fc0099be12ed7544a6eee8e3a9db,tibetan_mastiff
e9711a024b141baa00e640231bc461a9,welsh_springer_spaniel
e97344d98c999f4f9bfa5dc33ca09ecb,papillon
e97b337794ab4b95db5e2622156de547,giant_schnauzer
e97e598576bbc9adf772f244870d4c7b,leonberg
e98505488dfe161e0894e1bce7b5de04,cocker_spaniel
e993788050a70ef538c396f582c3a04c,bouvier_des_flandres
e994ab08b7d68114beb65a3784c08be6,african_hunting_dog
e996402cf7fa66f23a8415c9007e06db,greater_swiss_mountain_dog
e996b051ab78dd47c2ca379c70b6f27b,pekinese
e997eaa38f75d7660fd6c488e3c76d72,tibetan_terrier
e99886bf590f8e0cb3394f91e8920ae2,norwich_terrier
e9a3813892432cb6d5c771156b4bb3c5,african_hunting_dog
e9aaa8964f450f990a7a3c4228bb844d,bluetick
e9ac785eb7c5e7c31dd54be18e40bff2,brittany_spaniel
e9b8e25755fcc201168fdf2d299e5350,doberman
e9c694db39c5b8c904bf36c385fb171b,pomeranian
e9d31fe3a42451dc01c6d2e15ba6ef8d,toy_terrier
e9d78bc07d863ba45ccee1a6c872182d,irish_terrier
e9d910ff8abc407c1536201210b40888,lakeland_terrier
e9da345a17d3e21041214e6cef9556a4,great_pyrenees
e9efc5edbe14eb6375a64b37db8b36df,dhole
e9f19fbf059a074a0b40c5b088f4fa6f,flat-coated_retriever
e9f77a21c65963a5e82079536a05c811,leonberg
e9fc49ac28d4f84579f5621bccc78470,cairn
e9fc775bd40d6d7273ff093fa12a0574,english_foxhound
ea06fc45fe1d39398d6ad82c2f741742,collie
ea0d557dd0acd9191f45e703d18be9b3,italian_greyhound
ea113a236df0ae1d6875259ed2d2bcde,german_short-haired_pointer
ea12edc949e2572580fa237d3daea938,great_pyrenees
ea1527f051be904e70fab5877bbc0341,whippet
ea15dfc5ed49598f8ea14a3be59164d7,lhasa
ea15f35659972aef8ce3472d65037c4d,west_highland_white_terrier
ea18d9dba21ed0af962a29cbca958bb8,clumber
ea1a1b02e734d1130c80e45880c106d3,wire-haired_fox_terrier
ea1c23bc0a6d8c057a12d2a68b44c7c2,japanese_spaniel
ea28a7ca3ddea1be196b48623e1ecd4e,affenpinscher
ea426774d331299b8e12f53955e0fe99,weimaraner
ea42de31f9b6e2c8f44a48ab53bc5fd4,maltese_dog
ea43ab0fec05595317c008853e9798ef,silky_terrier
ea43c69e5c1321a6d05d0caaceb69318,saint_bernard
ea57f2db5aca0955ff2eb8ba7ea8acc2,mexican_hairless
ea5be84db93c42752547df879813ce47,japanese_spaniel
ea5c48cc2c2d348add796a1530eb27f5,bloodhound
ea607b36bd3391a5b4fe4c547f5dd7c7,irish_wolfhound
ea668eb722f6167ae2669b6f1ddeb3d6,gordon_setter
ea6c7f6e749d8aa9512054c47585e298,doberman
ea6f0fba4d83f7225c539d44cf28392d,miniature_schnauzer
ea77bbe28a68e90a21bbef677493ad65,weimaraner
ea7a7a80860e733c670e387bfe93bf08,walker_hound
ea7f0c67bf41d5f2afe2e8e5a9c08774,appenzeller
ea81932e294837391a437fd513a87e89,shetland_sheepdog
ea829d433019aedcdeb0215c10ea905b,shih-tzu
ea8a9c29c83b5f3d4b917922a0ce9066,giant_schnauzer
ea8bb75412610ee545d8c026ae789f4d,otterhound
ea906db2c833f5140b009eabba209eaa,shetland_sheepdog
ea9134791fb20bce0b72caabfa0947a6,scotch_terrier
ea9ae902f4ca9241c1187992c51db9bb,weimaraner
ea9e3ca803a028a17317345e4fa75135,cocker_spaniel
eaa2b8ce4fd5320fdeceecbe804f08bb,dandie_dinmont
eaa305d6f31664b513c89946b5193ca4,english_foxhound
eaa3b3bff09bb80c64937996a1be2d92,dingo
eaadc51c7c1a507fb380909113036428,pug
eab1276af0a54dfdf9d0311916ea813d,african_hunting_dog
eabda7b78d4f4c71ad5686ca1589e8ad,pug
eac45b011f55db4480995fb0643c54d2,scotch_terrier
ead4174291a75b3567c459ec847c87e9,rhodesian_ridgeback
eada9c7e7e1d9fde5df22b28e0ca9341,samoyed
eadb3e22a37eb409670a69c6ad4de19a,australian_terrier
eadb9e961a7835d4da014f7de12e7660,silky_terrier
eae07088a41c3d064b7d099b2fe63f11,german_shepherd
eaea761df48d7adef74af9c66a0fbf4c,dingo
eafb5a5a9adb3e595eba451f571bfd3d,bluetick
eb0dd89eae4856af66b34d736e66849c,italian_greyhound
eb14b97d9dc86f30f3e12d8c6da185d7,standard_poodle
eb1c2f4061d66878d2de2ce45a2382e5,toy_terrier
eb1f87344865dfe1e89717a7e82ae18b,basenji
eb24ed36b0bc25db7e64a22763b3d20d,bernese_mountain_dog
eb2f7c626e517b63a1fc07577d8db675,newfoundland
eb3d4ad6a8883206ec91271f983350fd,schipperke
eb40629be9b4a1676e2277d19c43e4b0,japanese_spaniel
eb44fc73de4f0d0f247c84284ae3c70d,malamute
eb4ddd17cbdda67c5bab81f6407fc1ba,english_springer
eb53813edf96c446e5acaa06c0deca9e,scottish_deerhound
eb5635af7d2f315b0f256aee4f41524e,cardigan
eb5feb2ca80e43548e0cc0d0b4232bd8,boxer
eb62cd1de3f75c74bac9941e7f6e8a19,miniature_pinscher
eb64056a3ab7ac1e47bfde7c2e8bd518,entlebucher
eb64bbda1cedd44da3a37c65e4eacb9a,chow
eb68d9469a3925897dd1c06bbc5a40d9,scottish_deerhound
eb7beb7875b92b0d8861826a420c8844,giant_schnauzer
eb83b7e5d8515928cc6990d019cfdac7,blenheim_spaniel
eb909c348925d451cdcee84eeb21d15c,whippet
eb921996f4cc09c35970d0c18a415a2f,bloodhound
eb9dedfc29135debc82e82f159c23fa1,clumber
eba058daca887257dc71bfd2a0267d29,german_shepherd
ebb21cae1e6090f99253d83ea5fbbdc9,mexican_hairless
ebb2555fb23a8fe20c44050380154456,bloodhound
ebb32c71dd92a3ad87d16006507fe779,leonberg
ebb8c99c50ca5b48e010f0bda9a62c85,great_pyrenees
ebc1adf5291f968954104e7d2c7e540a,redbone
ebc378abeb610e6d4f2a8ad0d731ccfb,english_springer
ebc4076f8944a2451771bc2b84859dc4,great_pyrenees
ebd981f1b06aed2a15a1de27d9f2a5d2,kerry_blue_terrier
ebdf65f440e3f572374c3fd8a0e6ad08,cardigan
ebe9487f88c13d27fec7db2592adf044,african_hunting_dog
ebe9a419fc7d2c67a934411960b88913,maltese_dog
ebeb2198b1392407fc54e13a9aa7cd0c,schipperke
ebefff12595565753410459216e604a9,miniature_pinscher
ebf9a3eab9607d1ef1aaaec90de886c9,affenpinscher
ebfc57d72a4167ec2f738f2adec52e31,toy_poodle
ebff7c03c37ce6907387b62c68a1c138,bluetick
ec01f50fdb5ca8749c5ee350232eceba,miniature_poodle
ec02eb6e9f6814f7d0f9dda0f642260a,vizsla
ec0f39cdcc3647246f44ac890a39a7a7,labrador_retriever
ec14673c74fc8c62ee54ab67c9daf010,german_shepherd
ec1654e55864cef34ec43800744f8ac2,kelpie
ec1b8f7b1a012af943ca2ec8efc58fb8,brittany_spaniel
ec1f2e671f8b4531b203642664173ffd,kerry_blue_terrier
ec23516f1da6f2fa32048c0920a8ef7e,border_collie
ec3180f25c4860682350127a1a0c3c4a,collie
ec3445c0c4db2d219b2377cb0eb8f3dd,airedale
ec34bb628f628ac8f0c5cd9cef6dc391,english_foxhound
ec3985e4104dbdb2b4628ed9379d1a56,samoyed
ec3ca2186332da9d6bcd96b0caab2699,african_hunting_dog
ec3ea54e26c17014faf12c362f9463d5,saluki
ec3fd4eea9a6a2c88908c33737442e4a,kerry_blue_terrier
ec483170d4a9c12f9f7bd0d691de7c6d,norwegian_elkhound
ec4ef1518f6b572f23b9bf298c0b6081,pug
ec53887c5887ec7be3693459ad3ba4ed,maltese_dog
ec6b36707749098ea596f0e97a33f0c9,french_bulldog
ec760d9e97fdc7816c3cb44ea9aa33ed,clumber
ec8ae6ea9408c47092ca95031ebc6acd,gordon_setter
ec8f1e4f39702089c985261d50c0c29f,lhasa
ec981093099a693748c575e418e7a0d2,blenheim_spaniel
eca1b1928e00e376ac39717ea933b57b,briard
eca90f594e91b6689c0908e365cac5ce,doberman
ecaec07d20ed3a12fc32314cf83c9370,german_shepherd
ecb279d5c137b233683c6e0b8d7c1b88,saint_bernard
ecc1a9dcc73f00726ce6a7e79ef10a1c,borzoi
ecca49fac07d1511d00f2e8a669b1b09,maltese_dog
eccb17b497007b28217bda18db73cce1,french_bulldog
eccc1f78f99e1f5fc1fa618be4ae7f67,basset
ecccfab92b35ee51d1896eb35f5379a7,irish_water_spaniel
ecd2e5133a9dc2877d9d7d77581edb87,afghan_hound
ecd514c6eefa5bb8e0b1f71724483e05,rottweiler
ecda5afc51397fea7339c68c7bdaf3c9,afghan_hound
ece034fecdb47d3e30115e7b70dd36d1,norfolk_terrier
ece252ae0a9e27590c6f30936f4166f6,leonberg
ece3ba1b205d68f8860612f993ade240,malinois
ece92625596397f614310352584d7b74,west_highland_white_terrier
ece94a0e987ed8316c4b3e4ed9e49477,appenzeller
ecec3a80a97ce33d7c6a25c96421a26d,english_setter
ecefbe28f3b43d4394e6052802bcd042,german_short-haired_pointer
ecf239b27efded2e309b147ebd5a032d,newfoundland
ecf4a6af2c19e363bca3324a99cfecff,doberman
ecffcf50e9df121652758b9371ca3792,bull_mastiff
ed119bc36eb02fbc0ed75e4d04440e0a,briard
ed142580e8aef16f8bae1e29381d807a,english_setter
ed154eec8a5e855fabc7c6e37edbac1c,west_highland_white_terrier
ed1957de19321d3f09348c0c1e3321a8,malamute
ed1e8f8f6231a658f173cc2e4c74af86,leonberg
ed25d380c4d647930c2d9322c78a05ea,otterhound
ed28715e3609b8bc3674a2191310eed1,briard
ed38d69eab73e9a66526ee16231f687a,japanese_spaniel
ed38d865e5ff611d6d1529652cc6464d,great_dane
ed432c00b3109a6ce7abce09d98be1e2,lhasa
ed46eed049a4fc710697517359b5a95c,pomeranian
ed52e8685e7befe1a346651c0f9aaeaf,affenpinscher
ed563a008568fe9ca11f9dc662826c0c,norwich_terrier
ed5920d873da0891d86d9f3a25f2c2fa,airedale
ed61a3a5a304bd2f4e7038d8f95248ea,doberman
ed650c72271b58dbac0fd5d91ebd206b,scottish_deerhound
ed6e570e10f027ff20f0ab3598153193,english_springer
ed756805b14606580f9740ba00feb0fe,bloodhound
ed87717fd2068ed2c909afa65a2cfe2e,german_shepherd
ed894588cade79d0253082f96f2a6310,siberian_husky
ed89cbbf3f0c9383a7514962cd263aa9,great_dane
ed8a0ac4b8566dec190f7308933a1d62,ibizan_hound
ed8bd115216fc760fd0ae45471791f7f,leonberg
ed8fd9eef589a6fe4a0e74bf7ea77bd6,giant_schnauzer
ed9c22ad21413691f548f5d72e7a76d9,standard_poodle
eda44fc4fded6ff594aeb833634ea44c,scottish_deerhound
eda47249346bbb28d89a524e3ff0c66b,leonberg
eda5b27feb982dce425c1731a1174e1a,irish_terrier
eda5e03fc28a7fd651cd1a7b864ae749,staffordshire_bullterrier
eda840df78ede0c000cd97b337b3d0db,collie
edaba2592430f96c84ef0ae0817c4328,german_short-haired_pointer
edafef97d647ec7c4b4e00ed5fd3dde5,labrador_retriever
edb50bbbbf53fb184cbc04f21dd97b81,scottish_deerhound
edc0b13c478a6e50e9e8c3acd181d885,italian_greyhound
edc923ef3b9724d44481d959573b3afd,great_dane
edccf5a23ce769b435817274226fe61f,norwegian_elkhound
edce5253f5d09d42011e5b0f84d1831b,cardigan
edcf20f5ebcab09f0db88d0358b3ab56,australian_terrier
edcfee2eaca6697d103ad03531aec0c3,pomeranian
edd3d0f1175568806a1a052ba2051fd7,collie
edd8796ad2ee790f6ab20f65329007c3,irish_terrier
ede38d1fbd47fcc1c408fbd7f0084fef,golden_retriever
edeb63f8216445c1fd9572929e5e2557,silky_terrier
edeb88b340e0b46a7c04161adbede2f0,groenendael
edf5071a8b480af1212710874ad2c05e,miniature_schnauzer
edf5a678ccc0861f55342166e3190f1e,afghan_hound
ee024b9ec41146caca0fd51b4acad8c0,bouvier_des_flandres
ee08cef430080eb10b1388795f5576ad,irish_wolfhound
ee10d8e27f4333c12c821c0584c02fdc,bull_mastiff
ee1ce2280494dc07f516970abee34d55,airedale
ee2567e0e8424a216c45b34682a80472,great_pyrenees
ee307ebe9e98bac8b8a47be0d4803ba1,walker_hound
ee3e8a3091a0171973d8a9ae0faa5d28,rhodesian_ridgeback
ee3ffc332086a4e74209a97b7b1330da,otterhound
ee41243497e7715fe3094324b5aceeda,soft-coated_wheaten_terrier
ee4f333b5dbfab72ccd4225f81920e8f,cardigan
ee5eb948999e9f9de1ee4497faa0ffff,bernese_mountain_dog
ee6479969035687eb6decab728718656,staffordshire_bullterrier
ee64bb93cf0e12fc0549b89083f9347b,irish_water_spaniel
ee6712eed8607d6d5efd13276dcd1056,curly-coated_retriever
ee6b47bfe941098216982c8e42f2912b,great_pyrenees
ee6bc7f8018f819ec1a458ea10be820e,keeshond
ee8315e3cef238ea380d197ceb26a476,toy_poodle
ee88ac6bfed3abb8713bbc988b87eb80,boston_bull
ee8ed8bcfdf48a835e39bb8deca77249,irish_setter
ee92839020f1795e7eab77358e2528f1,sealyham_terrier
eea74111b12a1cc83201158a72cc141a,norwich_terrier
eeaccf7f12c1e959de200bf2849ec101,curly-coated_retriever
eeb4aa1fdbefcc783845be89b94bdab9,beagle
eebf13123af2e0241f64d35f8cddea86,borzoi
eec0067218af5d0cca32a504501b98f1,norwich_terrier
eec01ae653b0373466a2719f8d56d8d1,rhodesian_ridgeback
eec7468f173bcd82691172de4f8233d8,greater_swiss_mountain_dog
eeca7236c506c6c3e4405c959944f3c1,groenendael
eecab13ff6ae86429d808115d161d455,german_short-haired_pointer
eecbc546943281453c0e598587ec674a,ibizan_hound
eed0a81e48da6883e1f3f248b3d398f2,rhodesian_ridgeback
eee79170e91e4fc80e2faa8b0d4321ee,afghan_hound
eeeb378e507ec043c3a35ddeb05c8536,lakeland_terrier
eeef7ff1d9b702cc5eb3befca986f723,great_dane
ef029489fc2941792a5460afd7345fcc,bouvier_des_flandres
ef0baf24724a1e0f87543909d5c7dafb,vizsla
ef0ca2e519acbcd5f7f03a97acdf0ef1,pekinese
ef0cecbeaee4a08448d449a7c1e65f17,soft-coated_wheaten_terrier
ef1129cb127bff04fd3940d94f2a259b,bedlington_terrier
ef14fa3af6b0cfb89b4e0ec98f75e586,english_foxhound
ef16bf875e06977bfe0d4059326afffc,norfolk_terrier
ef1bdfc864035ed213fd676c24ba14f0,bluetick
ef22e67b6d82c04f2d17249e42769d35,standard_poodle
ef29bc9846ee0f3599ee6c3791e5eb30,borzoi
ef3dc6a3af2210c9cc59e2bbdc9e9ae1,west_highland_white_terrier
ef4efe7980d873475501b56804670c6a,appenzeller
ef50a04a3363a88a9ab1c8e5f2bfd687,bloodhound
ef519fe81769185abaf3bf9615f31b02,black-and-tan_coonhound
ef608e79d3e91f00896e2584c66a1709,irish_water_spaniel
ef68f5e897135b01ea02853efd8e8344,lakeland_terrier
ef71aaad573e1e289ec9ce92d844f96a,french_bulldog
ef761ccf005b7bb9bd6a094df7e07df5,norwegian_elkhound
ef80922725c7fb9865005222ef30714e,schipperke
ef8639d4717248c8db31398c26580537,chihuahua
ef8c805d9168bdcde66239d35834dd88,staffordshire_bullterrier
ef91df1385e44b81c78dd345b1a17f14,afghan_hound
efb995a30e2672d00cd70273e911590f,great_pyrenees
efbabde6fc97bb48c8c8b6b75bfaea59,eskimo_dog
efd5885fbb8243c327c98eb9505742bd,german_short-haired_pointer
efd68fb69d154ed0ff2dfea8f782f0d3,brittany_spaniel
efe33a3e4c939748548a052f5f6d83bd,groenendael
efe80b984a40901f78132386e1ac3c4b,afghan_hound
efec2f66576df7aa036d77ad1fafc8bf,miniature_pinscher
efec77ba29d2407d82f808cf7ca79eb9,australian_terrier
efeeefcc693ae837060c1c103195c4a6,silky_terrier
eff315e6d8b855fc2166ab4fc2a192d5,saint_bernard
eff6f9f023d63b83056ee3cabd204d9a,kuvasz
eff87e94b7ba6bc2c8ddfc5e135c1892,afghan_hound
f0019323b5b8b321160c8199bea41118,curly-coated_retriever
f008c04f6d72140e1c40b8cf6bfa21d1,mexican_hairless
f019e943f7b7267ecd2665eeea73a4ce,english_setter
f01dce3264ed34d681815a9d0b03f7fc,english_setter
f0216b542b2feaf7fea3412ce949536e,schipperke
f02c7f7b30bf8535b9feed3accacccb4,scotch_terrier
f04043819ed833d9257fa14f4d39c91f,english_springer
f0424f62ba3e580e9f34de645fb7cad4,tibetan_terrier
f055e34fcd3c7a941868a371821feb14,golden_retriever
f056299c0c659aa73947f76837369a9f,lhasa
f056ee6bc913fba2697dabf37c1c8531,schipperke
f056f4655ec9b7b942c1fcd6d4ea61f5,basenji
f0634d128e68061c0220f224c9ba1228,irish_setter
f0649324ca9ee431d8c37ef361a0d9fd,australian_terrier
f065f6e63169c7d2ec46174000a2d87e,bloodhound
f069ed4df76d788ff43403f1ba4fa4a8,collie
f06d9112ed14edb4038daa54f1b1abd5,tibetan_terrier
f0779cbe759a82f4927f60e47c9f1c81,leonberg
f079fbbb8684c81747227bef5303c56a,beagle
f07d7513b336f4cf1ac5be3b46eecd66,basenji
f08adfc00c474e9296e74e8cc0c3bf5c,italian_greyhound
f09536e93c84e70c1a6e144452ed98fb,brittany_spaniel
f09b337e8e9424b208854b361f28e39e,beagle
f0aa6b58cc701bbf31d090426cb4ecb4,french_bulldog
f0b08d4f04e66b73526313b7cf0a6b08,beagle
f0dafbc65d9ddbb847863d8d510b3948,eskimo_dog
f0e2319cf6cf322ea6f5849eb4102fac,sussex_spaniel
f0ede8a20fcaded1594e274d98670e3b,brabancon_griffon
f0efab499435ecd4e634b72f539fde9b,golden_retriever
f10aebe770d5533a5f7224a0bd816716,miniature_pinscher
f111b639af2c7bd5e7e91e7595913894,french_bulldog
f12ffab8a865e6b4d8afcb0537a746ad,miniature_pinscher
f13e0ce50756b5eb78404b8ee5626c87,affenpinscher
f14e83eb54dc159f17ec0a676214a514,gordon_setter
f14f1200ba75d75293d9e1ca432f90bf,flat-coated_retriever
f1512dff4effc6df01f50baa1135c139,groenendael
f16a87262b19602f017d48f050aed0de,keeshond
f1710a76fbc4ac9d47561e2b48dccd11,american_staffordshire_terrier
f1842cfc3bdbf485847574cb1b133d29,keeshond
f184f4ea0aad4cac48670bede5868054,scottish_deerhound
f193aef29f983b44a4458c03ec309ca1,papillon
f194e48d99e5e0f279eb8cd5e6872e36,scottish_deerhound
f19b045bcf373d6fcf05c80247850d50,boston_bull
f19ca47ee303f9e770a298b26c993ec3,bouvier_des_flandres
f1a18e29959bc5af735ebb5045f91b25,dhole
f1a94cfd3e3c67736b961587e1795a1a,miniature_poodle
f1a9a63f0ec70494ec2050de0fd39402,scottish_deerhound
f1b4c01dfbe424368a7d9404e1f0f6c3,chesapeake_bay_retriever
f1ca2ebd997146e85932ce3cc6e8f064,scotch_terrier
f1e4f7a6a490bd1bb2bfcb5586902e9e,west_highland_white_terrier
f1e82eac53a1fc3f2e3e4b151537c5ed,chesapeake_bay_retriever
f1f03709a6fb351e6255cabc277c5fc4,dhole
f1f8d1fad725a613f6e841d3f49ee415,collie
f2039c11f872cbd5e01c2bbb959f7d45,irish_terrier
f20709a67b3a33528b56cfbb4ef3237b,west_highland_white_terrier
f20c9c183552b734bc3c5904bfa32d09,walker_hound
f21952d038bd3c41c89def1a1d92385e,flat-coated_retriever
f220628a83618e6cc13e78361e833361,maltese_dog
f2215c687883ed200475bc1bdc448622,rottweiler
f234c1a8c84a833c77a7774da09cbb1a,kerry_blue_terrier
f23dffefcd4ae2dee8a5dbf67e41b699,yorkshire_terrier
f243cb6ec376a19f7de80e9c1a248518,bernese_mountain_dog
f24f230f4a39f5411546ab1da48cc196,gordon_setter
f2580ac6cf1bb3317c661133fc3bc7b6,blenheim_spaniel
f259fce0c617f40d26b75947f71f489c,old_english_sheepdog
f25a4184e33741e745175fd1d7c6d172,rottweiler
f25b4df00f4afe17ad37fb49a86c9ec1,sealyham_terrier
f27909f3037a7b5443193d7101277fb6,irish_wolfhound
f27b4323bae39abf810bcd145d8de276,staffordshire_bullterrier
f28c40401e84e41f5aa4c60fea02a575,yorkshire_terrier
f28df9c49c705281298bc288ffab24b2,boxer
f28efce22982ed7867a67df7d0762c58,english_springer
f293c3e2fcc58e1d539aa71c56be8d55,papillon
f2ab1692e3ef27cffb8cbb7ad6d99092,french_bulldog
f2ad1868e6784b428fdccffe0314867f,kuvasz
f2b4247f7397d329557b0356b5645e70,english_setter
f2b5ba1f32494b942731fb5248e114a8,keeshond
f2b70abdaeaae871fba924ab80d3253e,brabancon_griffon
f2caac437e0ad55c130321aac6ba375b,samoyed
f2cb6f6dfc542d47bfcea63b0dd78c6e,brittany_spaniel
f2d229962b94228f494c9cb3c0ffe740,labrador_retriever
f2d2443edb0bffec560ed1339613503d,english_springer
f2d5c11258efb9e8de45a81a6982f8f2,irish_terrier
f2da0cd3a1f77cc96505d387d9dd731b,great_dane
f2dd5a812a7126c65887f87b7d0c0601,miniature_pinscher
f2ef034a335cdd15cda34408d3e89998,kuvasz
f2f05d15bf695d5bb45ca909887230f9,wire-haired_fox_terrier
f2f49abc5f9f5a0f1f5d25807e76d909,italian_greyhound
f2fb3f693de68e2564fbff2890f7ad40,komondor
f2fd565d275c740f2f4dd91f0759b9df,miniature_pinscher
f312a698c57b976f011a6d54607e81b7,greater_swiss_mountain_dog
f316697874ee29b9ee1897979a58e90c,soft-coated_wheaten_terrier
f31950a05e0c02c69042b6d3bcb3682d,labrador_retriever
f320c79c2f0df7a61cdfcf689f8dc91b,malamute
f32e24c17e03d5eb499875387f049ca9,kerry_blue_terrier
f33b851311543ba4197c7bcb0ea5757c,newfoundland
f33c92eca07a03a242b4a9986fc66d9b,standard_poodle
f340906abda537fa75a9b73ba2742a88,miniature_pinscher
f343a8b0d587a5f79c7da06732fcb347,labrador_retriever
f34628fdce6eb2c69ad9c65d0f44f2f7,tibetan_mastiff
f35fd9d0193122c919f159e41769a4ca,leonberg
f36a3d05e27b5e206ac89b4a7e133e57,bull_mastiff
f375e6363bc21dcd3cb65637c7855e9c,silky_terrier
f3784274b0248ee82c3eba0ef02f5191,newfoundland
f37af9dee180ed1195985decf4ef7111,pekinese
f37bcde663c39b566fb9ce69c074a7e8,vizsla
f382107c98a4aa6d80a5b6a6df18e669,pekinese
f3831b2287b3858b44885ec97b37c2c5,leonberg
f38dc765277ae9dc0bcc677dd8685c3c,english_setter
f3929a0a7c3fede11ceb5d9e379778db,pomeranian
f39409a147cf719a7e34712034b41625,blenheim_spaniel
f3972dd0068dd6e3b9b2da13c71c5af3,ibizan_hound
f3973f4c9756bbad4b3b6d9ea459a15d,soft-coated_wheaten_terrier
f39fbe4774a9b7662cedca6f9759e023,gordon_setter
f3aa61d28f81531b81f15ee65d91ecec,italian_greyhound
f3afd4f69038b249042cd481f0b5813a,siberian_husky
f3b343a1d0a394e5d29a74f31f9922c8,appenzeller
f3b47556eea0151354f1ee1b40762fce,vizsla
f3c0501b67da21916640efb617967dd4,malinois
f3c1bb36d86a8fd1436bf3ff219c8686,curly-coated_retriever
f3c2b2523885755ccfad67ff51308c98,cardigan
f3c31d575505827557a5fe80f7bba070,schipperke
f3c645a41e15598e326c368253d0703f,bluetick
f3cf90e3a8a78d31850eca467122183a,standard_poodle
f3d517cae12f545fd445a0cfaf94b505,soft-coated_wheaten_terrier
f3d77f8157d981c44a1290b57cc03ac0,sussex_spaniel
f3d98aab47dfabd6c98750f45f6c4038,german_short-haired_pointer
f3e172b6c77d1d5b191722de535bc726,staffordshire_bullterrier
f3e1cc6183fe3457dd644320d730b3a4,entlebucher
f3e5d0f516c56df7b58b4488f13bb00f,samoyed
f3e83444819548799b1f77ac363a4d4a,bedlington_terrier
f3f01549c30b4d1ae3e6701b729ab080,entlebucher
f3f295d33149977b1d67b8a3b6484ea7,mexican_hairless
f3ffda74c6fcd4a8ff546bac62060276,sussex_spaniel
f4045ccfa988393752a265e086979e6c,brabancon_griffon
f40a0d368a62d9e2d2fb2d7583368538,leonberg
f411d5b28c9174da6ec9c0a85837fbfb,siberian_husky
f41a4709ea45d334e7fd4f61f4ca01c0,airedale
f41a7b3079bbeda29028c5919e0d84af,newfoundland
f41b28e57b9838e049dcaa3e3f11d9c9,chesapeake_bay_retriever
f42938973bccdb8f6f556ea160a9357f,shetland_sheepdog
f42afcc1fabac064a07c6a5b7ae2766e,silky_terrier
f430cdcc2b98a6e3566e71b27ae60e71,affenpinscher
f441dc37af37eb01c9fa3e0950228642,ibizan_hound
f45060c4cac8b690aaa61a510e1d30c5,papillon
f4520fd1cb3d76b7d36acdb63dd964ca,tibetan_terrier
f46f1e81fe9224c6ee6206ff24aa6b31,otterhound
f471dbea5a623c425c8d14b885616ba0,bernese_mountain_dog
f48432fa098e002cc0d21d1258633697,kuvasz
f485a9d5afe66b74092e8178f67d34c0,blenheim_spaniel
f485d0ea64f8950b38954c17cfd03d8f,samoyed
f48ebf5f79e746455810091b884e8eb8,collie
f4a20b0c57e1fc7214548b4556a467f5,irish_wolfhound
f4a331375dc879c5bfc682221d143fb0,maltese_dog
f4a9095dabad1799e9747f623bbe0e86,sussex_spaniel
f4aa5ed5ebff85d0f8b4d1ed111831df,english_springer
f4c3afa01a61b3471656b42f8d5cb1e1,maltese_dog
f4c570b8d49c119bbb2e988b240c95a4,saluki
f4d535251be4d6195c3fc5d6a2c31e03,american_staffordshire_terrier
f4e8482c69e4e562d86149b45da8565e,wire-haired_fox_terrier
f4f070765892e18ce99343779e9058cb,black-and-tan_coonhound
f4f3f707907977e9f619540a51e6d9fa,shih-tzu
f5020914618ca6445b1bb1ca2e0a4d51,maltese_dog
f5047cc73f0f6691dc0e08c93ebe26da,border_terrier
f5091fcbb9e639158ad406a3d793ff62,great_dane
f50c3a2915a6744f66237534db3d7779,basenji
f5171a2251d123f01566ace3a1107754,whippet
f523e20f7fac8e1d9909d0956a468467,maltese_dog
f52a0aaff41a517be216bf41c967a751,cardigan
f52e47ff39ef157d700d51d62bea79d0,airedale
f5373dbe567183432408067cb9dc0957,great_dane
f5379f2502e90983e6361d4acdf0a56e,norwegian_elkhound
f547c95af25d09dc444943724396a68a,cardigan
f550e44352e4eeb99932441678a8af34,cairn
f55d584110183b570d7b9d03e355a403,dandie_dinmont
f56093b4b1f055c76701c12620ace957,dandie_dinmont
f56a10d2912140974338c6330e97e466,irish_setter
f56e24e008d532831fa5fa006618025b,pembroke
f573d2958310513ce7113099598c7707,chihuahua
f58364e9a181f9d7e149f4cec3e9ec80,toy_poodle
f58531d21504bc086aa5d0e2c945f988,weimaraner
f588238227e5822b0c83a8355eccd067,rhodesian_ridgeback
f589bf0f5d13407f1729e8ee342834f4,bedlington_terrier
f589e77c9b0facc8ece5f07e3c04fc46,german_short-haired_pointer
f58c4c4e6670e74fac63514cd9ac8ab9,pug
f591763666758b806f71459819ce8602,maltese_dog
f5940c13d959f10561fda7afad8510c2,leonberg
f597a565d8b2e0d4ff1717a7d042472f,irish_wolfhound
f59c6ac65a3b996404ccce16dad310e0,beagle
f59d3ddb3652e870bea7cb3b15894708,appenzeller
f5a88560838b1fa960f2bdf8bcc33621,great_dane
f5aae143adf81f97da05095d78d73350,chihuahua
f5b981b89e40c702cbaaedb8b9fc7739,standard_schnauzer
f5b9b43b95fbf49626ede41a02f6cf1c,brittany_spaniel
f5bc69deded716bae5e2134c81d9a606,bernese_mountain_dog
f5bf73d1e0ef05b8c5fba19d051fc9f1,french_bulldog
f5c21557b2fdf621b48720357ea35df2,scottish_deerhound
f5ced876dc38fce8230cb1c721e29973,pembroke
f5cef8edf2725dc143ead4774ddff74f,irish_setter
f5d05878affab9747f86aa1f13c52bd2,papillon
f5d4b4e4770d3922b6b26dc46bdc57af,chow
f5d4d250dfe2f60b155ec2f40df73936,chow
f5dcfc042f10a6a57a54d42a4a1f2406,french_bulldog
f5fa365252241c8be7b95d04444d5bed,bull_mastiff
f5feb8aae47a107bc2e8ca4075286ae5,soft-coated_wheaten_terrier
f6082c4fcbaec253ffe964f13aba012d,norwich_terrier
f60ad1508afefc6ce94cd896ff1cdb3f,american_staffordshire_terrier
f610363215fd1f00edef4bbf9b3caba9,miniature_schnauzer
f61250c6e9263857befe7f256f9e909a,kelpie
f61517f58aa8a9d4248174bd75d891b1,old_english_sheepdog
f6175a0ef289ef111b225a84240f2e4e,shetland_sheepdog
f61d861726155de0ebd1a8e1e892f5af,maltese_dog
f6209cf3313e3368c376dbfa13f335cc,soft-coated_wheaten_terrier
f62145318e69a5061563eca2eb806d6e,basenji
f62f6d147bb05a257c05ffe418ae4e45,german_short-haired_pointer
f63ccfe3730fabe9537060a5e9ccbd24,kuvasz
f641553e92efc6824ca4b9cef837ba46,kuvasz
f6430905d7328cb19856d0fe633f6493,ibizan_hound
f644ec58aab5f57925bd55969f4b925b,kelpie
f64d8dfc5544c9fb4bdc578a7756dfd7,toy_poodle
f6505af99611986f0141aa986e71e766,cocker_spaniel
f6575543e0456836d1fc6871e586a6e0,pug
f662df0beaf91c254157863bf00ac62e,african_hunting_dog
f6652a6cf81ed972d896b7c51e6aa39f,entlebucher
f66c888ffa1ff06fcc2eddafb3e13aaf,norfolk_terrier
f66de1bea3790719f70ef37779889a02,eskimo_dog
f679cd9c45865bd983920f79a2d85de3,redbone
f67c86c7429bfe3a576c2468d243b29f,siberian_husky
f684cc75fb7996f315832975a3e07f67,border_terrier
f690468c2bf0020c6e4ee135278cf71c,afghan_hound
f69078e04e3d5e8d7689820de78f69ff,ibizan_hound
f692fcf95607b6e82528b0e90d705725,kelpie
f69495e6688f3e331ecddb474367e923,bedlington_terrier
f6a32d6b0c663f2f949520149232a329,otterhound
f6b08ab15d3448bcfa29aa59a552a742,blenheim_spaniel
f6b88d6bb18f14a24c8cd24b941cf0bf,american_staffordshire_terrier
f6ba94d33566242b8f4abdfcbd8a6bcb,norwegian_elkhound
f6bdbf94ffea753f4f7638784faf01cc,dingo
f6c0c3d4f34faf5caa5de6e81305de3b,west_highland_white_terrier
f6c308322ba8e80c9ad20f9b292a8c4c,english_springer
f6c6e52ad7508381c9b545e7e4f77d8d,pomeranian
f6d0770d25962d54d0cfedbfe14949a0,chesapeake_bay_retriever
f6d25f988a2c379fe7c7ffc52fc39035,american_staffordshire_terrier
f6e186742c1885a3c4a66396195d8a18,curly-coated_retriever
f6e3a909254785d410b2418647034a5a,pug
f6eed8d840086c27a17d7bc4f276dd56,walker_hound
f6f4398177ec0db196ab4ae92d79c6ea,clumber
f6f603600c231d6dd529c54e45a7b2c5,basenji
f706682a30021cc74cd9416dac25e943,norwich_terrier
f7070114b6f8cb965ba2dfb23b511b18,airedale
f708b2f18826cc754451e07de4ba148c,standard_schnauzer
f70f325bf6fc8aad05ed7a99212660fc,flat-coated_retriever
f71e0bbcb7b9d348986393612e1b6800,shih-tzu
f72555509a6ffd85394b1e6417c728df,bedlington_terrier
f7266a5b52cf22b11274b5fe66a52979,brittany_spaniel
f72944994eecb182f41456a820149950,pug
f72df3c3daa677aa76027366ad55721f,rottweiler
f738d8472928f06c5a3743914ac5d458,german_shepherd
f74471ba376e55adf638f527eb794c2a,blenheim_spaniel
f74b4a01eae15a3d909c643e116bcfca,pug
f750daa88a8129fd8af9e6b686698147,irish_water_spaniel
f751bb00d954b8e4e132c958e7117011,boxer
f7564622d2ebbcebdb2eb1f150dbaa95,greater_swiss_mountain_dog
f75b13d14f950f2a6acf1f907bdfc636,irish_wolfhound
f75b457706d15d23fb803e2ad7c66c40,keeshond
f7627680c56c5d3acc4f7eae93124459,yorkshire_terrier
f76f9724c66f6b62edc1ac44fecaa27d,golden_retriever
f776961d52ba3a7112506389623c8586,dingo
f77d5b8a287c1395356e23849a2205fb,english_springer
f7850cfce0e0d79627dfb63d71d97b72,siberian_husky
f7886847e4058293245db300e17928fc,basenji
f78c6a61f77eae6388af7f56c8b4aea7,standard_poodle
f78e04ee7d70acdb10b2079b25471a46,walker_hound
f78e0f62a1b5aad9da3a769c59121ed7,old_english_sheepdog
f7914989bd1e633c30a76054df77266d,mexican_hairless
f7933e6c90808d5bbbade7bde7cce6dd,lakeland_terrier
f7a44b90a798d72d636b7f1003c8c3e4,eskimo_dog
f7a5fbcc43b2e0e09fb25cb78a37094f,bouvier_des_flandres
f7a8a885e2b28630634c3fb513277f27,lhasa
f7a9426876f70330f92f55cca08b19cd,walker_hound
f7be7c1d6af9e654f16e6d74ea63a8a5,miniature_schnauzer
f7c22e91e22c5a97abb2b7d9bab98809,african_hunting_dog
f7c998238377fda6bb1d8622c5d65c45,saluki
f7cd9846e7aa0c163ad98ad00ce51cf8,airedale
f7d18ca76e6b4e359a27955726e9a656,kelpie
f7de9a7b53f6b0b40a61ea56c55943d9,eskimo_dog
f7df3e61cec435ef6066e9d18b5c17b1,wire-haired_fox_terrier
f7f60f8bad2179cf4b55b8800497eed8,kerry_blue_terrier
f7f73ba72679f35d552ef1af03c63bf5,lakeland_terrier
f7fdd6d141e45d148eaf6ba595a9c45b,mexican_hairless
f8009b210e1fca906bbfd55a17fcb224,english_setter
f80541bbc3592999ccc617bdcbd9fde9,basenji
f8068ff990794cc54cd2d647387ecf6d,pembroke
f80ad50586c794ea8555e3bed23e0c0e,otterhound
f80f575bb32f2cc1958ef092681b9ea4,boxer
f811a137cac1489f074529064f79acfe,dingo
f811a192eb721accaa495e6722d9acff,basenji
f8169d735ce64c6b8e4c421d61b2d3b5,bouvier_des_flandres
f817cad476ff2a52fbe5b56a422dd577,malinois
f819a72296da2b1dc4f21d8145c40f27,kerry_blue_terrier
f81ec41ce2cc1acb16597fdd231c2406,malinois
f821311972e25d3dc8e8cf76a64e53e1,entlebucher
f824e27367e8475401b62b24111c467f,dingo
f8271e8e638b9bab6a0d3e164874dd53,rottweiler
f827aadcd7537def18615dc19f650456,japanese_spaniel
f82a2b46267b6d4edc62c76ebdb0fc8b,miniature_schnauzer
f831a464cc42602094575fbb18ff1143,kerry_blue_terrier
f8346f0bac3aae2f49113b3d7dabb812,basenji
f835a7cc45610f664b91d252d413ff65,boxer
f83683931d1c95c7501b11a3edb4acbe,bernese_mountain_dog
f8387071cbb4e77a274ab6035c3bb687,pomeranian
f842f546bc73b3c40698bbf9f94928dd,irish_setter
f843b7f86256f4d603b1768c8b16adcc,walker_hound
f84472e35734f1c9eb3be0372ba522aa,great_dane
f84bcbdda7152edced4b693e1ccaa888,japanese_spaniel
f84d455704632ab197b47cfe4061da36,saint_bernard
f881a7569fa39a96ce68e8c5c8642b20,whippet
f888b4d0dac4f5b3faf7a05a6ad01cd4,lhasa
f88b18233f76dcfb8dc49ab1820fa0dd,schipperke
f8972355cef9e75502f9a79a26ba9798,english_springer
f89759123d85d4135ed4bdce6923ad6a,toy_poodle
f89aacf1761449fc76d665cce1399f33,black-and-tan_coonhound
f89b4055956d7574c6597a92e78ee149,cardigan
f89bc5490cbc1b17dc0be9c5bdd4f224,african_hunting_dog
f8a16c174f672a88dff675bf2aa5e41f,flat-coated_retriever
f8a46f8751e34aac4b262fed49f210c6,irish_setter
f8a5dcec60ad103637c39b31d6dadaef,groenendael
f8a95fd0eee5042ed2b93e6abd032baa,mexican_hairless
f8a9f218dbc135010a7099efbb36a8ce,great_pyrenees
f8accfdc2c24ee99bca4433e33e2a975,curly-coated_retriever
f8b5c9e7e0aaa1412dcf01199e64c8d7,cardigan
f8c2b71ba0ee8fb0b64a589f12c98618,papillon
f8c3ce8448eb8b1a4e5cb611595be906,pekinese
f8c92d371c9f07b52bb6292fe4bdcc3f,bernese_mountain_dog
f8cc0c4e9be6827494a77260d383884f,pug
f8ce0925091c9c81fec5ab16c1109f57,sealyham_terrier
f8d289525782f3caa8cb51627063ef22,toy_terrier
f8d48f89aaa55962d4beb853a128eac7,silky_terrier
f8d6ec246da32576653776342d52cb69,dandie_dinmont
f8df586a37584e859e252778a221391b,black-and-tan_coonhound
f8e24c6d9d34d762c90c02efb45a96a3,miniature_schnauzer
f8e530f56e73403c8d69d29fbc391a06,great_pyrenees
f8e53f2c3cdcdd5e42e7337d5b5156b4,redbone
f8e931fdc022ea586f2bcd50ca6de106,kelpie
f8ed43ad1a94147b0a53b9cb3fb2d4bc,malamute
f8f529ee9da3f9edc72983ee020f3fbc,greater_swiss_mountain_dog
f901b7392fff2c1c3991bb8f7b31bfe3,irish_wolfhound
f901c393eca491f1c03b88b31fa956fc,scottish_deerhound
f9024336c267f4dd4de82cf5f617ffa0,toy_terrier
f90e5fa3f7dabd3292fecf4312ba98c4,komondor
f918d591dda3b7c1490f70dc92a7fb8e,miniature_schnauzer
f921b60576b1055884307f1f6d42997f,scottish_deerhound
f922fcb519e1f55ca99e8c3bb9e07619,australian_terrier
f94a145a3a291fc2c535d135938aea72,gordon_setter
f955bc6cf429a3957922f4155689c857,borzoi
f9561a534df6add1af1806bfa1558fde,cocker_spaniel
f95ac23ee909194006c538c4fc6e6750,bluetick
f9698ad44b009757cfacd9f171310651,clumber
f97b9b8848683ab240cffeda2c855502,entlebucher
f97da1d8c57873986183092ec4d5fc13,japanese_spaniel
f98392bfae7d0aa35ecc4993ee2afbaf,maltese_dog
f988271af1ca0e21b76b8cb318bcf4b3,border_collie
f988f65f2b26404fa16698ed835ac08a,whippet
f9900b44f49e5075c5b3fb589d1aae4b,pembroke
f99c0ede8bf16d5e94a3a69ffb97b341,sealyham_terrier
f99cdde623294ec669ff9f2a31e17830,appenzeller
f9a1339b0ef12e47ae875a86cf91524b,dandie_dinmont
f9a2077bcf32a5d9d33176f52cbcc65c,norwegian_elkhound
f9a2d5a36d32c2c1285cf46fe05972cb,cocker_spaniel
f9a664aff90ef04521974670cbd19cfe,doberman
f9ac470f280837eda01169eafa5f0d23,briard
f9b333457342a87a8321d8686035a7cf,ibizan_hound
f9b4e4ed6e77eca2ea940b31e58b408e,irish_setter
f9b6c793a3720605ed68242e73d228d9,borzoi
f9b7736812c24f6de73012511303fb28,standard_schnauzer
f9be292e5e04c9ff629ead6c17d5d87d,miniature_poodle
f9bf12ee2c9856d37d12b6299af87f8e,welsh_springer_spaniel
f9bf654be6ec7d1c40935aa397a3edbf,african_hunting_dog
f9c6acac2e566ae605ed9c7c1ecd6450,leonberg
f9c845c69830b3682fbbbcc3fc139b44,bluetick
f9d4235a0740a33550852fe5393aa929,english_foxhound
f9d6e1b8bc0906d38bab497a228af52e,blenheim_spaniel
f9dd329f6a9df4dbad0d100aa2df0fd8,great_dane
f9dece751a4afe2330c02007681a7f81,collie
f9eedeff3a54f28301468decc50e3def,curly-coated_retriever
f9f253c1bf65d4ad1907faec9328eef2,flat-coated_retriever
f9f2c52b196c9da8c7c98c68003d4f08,schipperke
fa0561b43695b11a89447ae47afdbfeb,english_foxhound
fa0a112efe3604938af42b371c6227da,clumber
fa0b4de9dbacd9faa3a5a4f2adc63195,boston_bull
fa1a19bd9f99b862cb0a986cbc0ea803,appenzeller
fa1ae7cd7d26a1dbc29149daa8b03ea6,bloodhound
fa1e9d2b34ac79ba9b2358b2c0d803f5,bull_mastiff
fa24ae09f6c25172009016b9dbec322d,airedale
fa26802c7a0ff2fc7dcabb9999a6c4b3,silky_terrier
fa27c3d52a9c8a3c6f6801e92297963f,kerry_blue_terrier
fa289147f856e2525ee70529a6d0ac52,rhodesian_ridgeback
fa2a33c1dc8b39ad51738408b289a0de,briard
fa3399d2f5241d807e0942b9807c2b4f,american_staffordshire_terrier
fa35207eea3c0d9939c1df7c86222853,kelpie
fa3bc3e096a2967f26113992b29b23b5,toy_terrier
fa3d5cedd5c63e5cc0c04acadf95cb35,basset
fa4387315a7d0a81f033dc647546220a,basenji
fa4b9e80e2300c45a73f165fd34b3378,entlebucher
fa4fdbc06a4bf03494884f3dcb062db0,soft-coated_wheaten_terrier
fa5054c5187c7171c546bd6a46b8346f,maltese_dog
fa5296383aa39dd516c2f5610c6e71b0,collie
fa537c93c484404490f0bdd71c79ab6c,toy_terrier
fa5d72cb50d3ab87bac4bedbfd45d3b0,soft-coated_wheaten_terrier
fa5df9801dec89450f56f373b074518c,great_dane
fa607eaf5aa5a95f58a6c43df1147e07,wire-haired_fox_terrier
fa6247111ff3f3cc66713b4bf7c7d1b9,great_dane
fa69bf620cee03a93e32188ff3872c43,black-and-tan_coonhound
fa6e79b065e3f95cf98430ed54700301,keeshond
fa6e79c819e06406740a88773b7f035c,whippet
fa72d780b780d1a8fda59852ab62738f,sealyham_terrier
fa747f34cc4dc45dffd28135501c6688,collie
fa79fd049300f5082393fa99a142cd7f,sealyham_terrier
fa7c0ebcade9a63facc59f32f96a5c17,english_setter
fa7d15c8d452895566586913f123a947,german_short-haired_pointer
fa8442a15275571b324a9e9ad6c7f3ed,irish_wolfhound
fa85c1ccb2fa7ff39d78bf2b821bcdd5,whippet
fa96ff3a3b523de0b176e052843fd152,weimaraner
faa111bd776cdece79144aad36558eba,clumber
faa2c24c801b37aca93ac744da51c2c3,boston_bull
fab162b7c732afd2e0886e1fb158862f,beagle
fab313f7c055d30e79a8590ab05d54f3,japanese_spaniel
fab341dadc50afc1a507a9910d5101b3,greater_swiss_mountain_dog
fab4a52198780919e77a541aec737484,lhasa
fab62c77c1af3606f359f987ed9b844e,giant_schnauzer
fab782d25875a7cf5298cd2e2aa01cd5,rottweiler
fabd0085e9b6b9c83b9fb419e0a2b5b7,bedlington_terrier
facdc30ff148a0154121f1e17cac86d7,samoyed
fad30cde8ff696cba83278a55a8de87b,pembroke
fae43d1ff21d5a8847887f7c7695afa5,cairn
fae8e42fae61856a5bd13bd4ac88b8dd,lakeland_terrier
fae9b4b30924265a3098d8e524fc47d2,boston_bull
faf615fd8d21d9906b8ab5091e4f5b82,scotch_terrier
fb0568b6c25ef5bc9dded95154b1cfc9,soft-coated_wheaten_terrier
fb0c9c4e476ef5deeb432e2326c1f3da,ibizan_hound
fb119fab818c9c46445105a0e05a1fbf,basset
fb1cdd8ff249b6ee7c2af2e89ff644d4,yorkshire_terrier
fb1d0dffd97612ee562cc17a98b683e4,lakeland_terrier
fb1f17d411a56a2740310b4c06595877,bull_mastiff
fb1ffb75a67173aa922f40c11c40264a,bloodhound
fb211e01f77eedac02e92d6bfeedb3ab,tibetan_mastiff
fb23c7c26cc49324b9081e2086b32409,blenheim_spaniel
fb2d408bfd49f5a720c3192f7a1cc519,flat-coated_retriever
fb2f2e9ccc7d47d475dcca8666d887f2,basset
fb32a67c8f89942906d08973dbad87b0,sussex_spaniel
fb4dbb9921a74bb2bab11c10a123971b,komondor
fb542f35faf7843778cb2c35d81a7a44,eskimo_dog
fb56acfbe4b95a0df7a4b9e6bddbafd0,affenpinscher
fb5898e240410c7d736548bf938bbc0a,shih-tzu
fb6a9896061f29a967d802e4f6dbbd74,german_short-haired_pointer
fb6bca9a75ead518333fd3c98aa4dc40,kuvasz
fb7160e2b5699b6c1548f2f7232f4774,dhole
fb72489572110ed6d3e563c45f3ecb3e,leonberg
fb73518d7dc9e11b00c978d23115b8c6,bernese_mountain_dog
fb7a49c3ed2c5f1a82d562fe0792c3fb,african_hunting_dog
fb80f89c84c6c2649964b574918e02d6,newfoundland
fb888e2a6e2acca312352030cc8b24de,irish_terrier
fb8c009186d200c2f49173d89f4a4a80,sealyham_terrier
fb9ad84feb0f23f26247056b830f6e36,irish_setter
fb9c8b7e0b70b201898d930ed71163b6,tibetan_terrier
fb9cbd60c09b65c1032fc7dab93c8354,miniature_poodle
fb9ee245256bc5c3e14f32c8c69cf6a8,pug
fba676383a9e3dd93dc1c4d50c54f48f,norwegian_elkhound
fba73e53151cb751f9c22e63de669923,pug
fbaabd8210413b2084743c1f00d8c0f4,papillon
fbb02fe9f6a18d5e59c93e957dccf4fb,affenpinscher
fbb86c8f93d2a1068520c0363a2079bc,japanese_spaniel
fbbae3a9f939903eb81b3d86ca4a8786,chesapeake_bay_retriever
fbbe0a41f7fa5cd4b69f25d8693e55f9,scotch_terrier
fbc14efa3d420a5d5f4719a356446ad4,newfoundland
fbcc2af005aa6fa3c9cab4d1ac38bf06,malinois
fbcd86965ce247c0a44e50ff7b66a670,entlebucher
fbd5762e97073435f8b7942fc67a4d16,cardigan
fbd70c8820a6fbcd21242284baa8ba27,shetland_sheepdog
fbd75ba5bf5ce7ef08a11a69c5ef263c,vizsla
fbdeba9ec017fc43c814e2688ad62402,sealyham_terrier
fbee719275e23f753f3cd1d9f83db21f,miniature_pinscher
fbf3162c4df3f1a527cb0b26ef062704,australian_terrier
fbf6ac0549525e721d3d3e48e27db4c5,west_highland_white_terrier
fbf881c1bd9b236af37efdfeb4a1fb51,rhodesian_ridgeback
fbfb5da3096f8d12329dc9a02de83dd3,border_collie
fc0020cc00e3b1c7ec453ec129e17838,bull_mastiff
fc0b8fd26e1db206b60074b7b2598465,english_foxhound
fc0d67099704bcf210316e6c31d2f28b,siberian_husky
fc11bd87c4d826650463f0ee79b8b4eb,otterhound
fc11c7fdbef74c3a3d8ea731ec48861a,standard_schnauzer
fc2049d582b3444ed99af4a5c13b49e5,american_staffordshire_terrier
fc2c6cb0b33fec818063b2840217c546,labrador_retriever
fc2d73fcdab269bde56ee0756e40d0c6,saluki
fc3100b4cc97f41f55e86668d47d26e2,leonberg
fc338aa6f2ba965bb7be53584ca0b4e0,english_foxhound
fc33f90570fc8502e6c3f83a6bf3b982,norfolk_terrier
fc416bf2011ddccc885698a7ad19ba11,malinois
fc440d7e1cd648dd5dac1ef18c05a799,wire-haired_fox_terrier
fc4afae2a9dcf48ee66253add0709191,bluetick
fc4f1d94ed5191b9b7d1f24420bbb07b,komondor
fc4fc2e64dc59dcff402fc281a42481d,english_setter
fc518958bdeda396c5431d8a8ec319df,basset
fc58ff2eb1f57943e151704a4f061d38,labrador_retriever
fc5ea05e270b116e5c033f0b9e3b6082,chow
fc64ecf1ef29b56646e2480196877f7b,keeshond
fc6abf69e1581b95734830af88c636a0,giant_schnauzer
fc6df38f35361d2630568b993a596008,pembroke
fc6e76acd21ed78f2c4c2153380cf63f,curly-coated_retriever
fc71c9e6334f37a9f42c00e599af8b02,african_hunting_dog
fc7317da160bff89cd13aacc980adf26,lhasa
fc77bf555c892344771a2c6714e72659,rottweiler
fc7cefece70681db1b55887a4b02a901,keeshond
fc879f14ec130d86a2479e8d869908cd,leonberg
fc94a4822e2d9427568b6d5427e903a7,tibetan_terrier
fc992fdbd5af203a39e7c1868fc69090,greater_swiss_mountain_dog
fc9d449fb3c5be2e08839903d9405b42,basset
fca2032135773108cb9811ab71d7f5c6,irish_setter
fca387fcb6630ae11536b3374d3b2234,whippet
fcab59cd421ec3d233da0027d664657e,saluki
fcac8d16408b0967a416431030a3510c,bouvier_des_flandres
fcaff3d64f414b0a095d9a50cc29c401,otterhound
fcb2147b7999bfd687d4b87584bb8907,ibizan_hound
fcb23e9c5e5915e021fd916e3df64ff6,pembroke
fcb911ca6411383f99bed4b745f4fede,groenendael
fcbad8ad476b83b180c9497bba2dedba,weimaraner
fcc9c872e76f097b8fd02b56760e7d48,chesapeake_bay_retriever
fcccabf55377e660accd9c8bf984026c,labrador_retriever
fccd6fe10febbc04d13470ec2aa516af,mexican_hairless
fce0a4c8bf2d6588ea7f6ecf731b2fbb,irish_wolfhound
fce950ef7cf99efcb26297537bdf5dd4,ibizan_hound
fcec543b7b4dc1fc1e47d66a9305e87a,toy_terrier
fcecf02b9cc36ab7c4db440058f331c0,chesapeake_bay_retriever
fcee07f3f1190697b6ec35911dcdd8cb,rhodesian_ridgeback
fd00c84695d64324cc597937320cc0f2,beagle
fd01857177284110f02b52475dfeb9cd,soft-coated_wheaten_terrier
fd03162f0a586bbeac13c33e74d24e73,otterhound
fd05ad1ed6a60452b991ce65d735416a,english_foxhound
fd082fe869dc90cf5fc21bfacc270265,black-and-tan_coonhound
fd0f827a0d0ad9a2ff60ddf30e5d50be,saint_bernard
fd116b902bf7e614cdb22e725af87e58,west_highland_white_terrier
fd12fd971ffa3d489990b6eeca1952b8,blenheim_spaniel
fd186806d3d7f123d9a568bcde794f6e,irish_terrier
fd21ff6aa4f72aa6c29a589b2d3042fa,american_staffordshire_terrier
fd229a951f5a9f2439d4f6c2c51595e3,kerry_blue_terrier
fd22da43e0b930b27b38eb97a55f65ba,bloodhound
fd2478ca48b9ac774babc2cae65fca5c,irish_terrier
fd2fbb4ff4bfe775d0267f4737c67521,kuvasz
fd3990bdd4b541a0efa8748ff8a901ac,whippet
fd3c4ef41e17c992e0c5aaa5101a39f3,irish_terrier
fd411242df68b9da572f8d044afa3c5f,newfoundland
fd42b1ea571fbdd77c1c5ceeff8ebb76,english_setter
fd4816b0b1bf94c4868d16da9ee87e10,staffordshire_bullterrier
fd5c9929ec93b09977a9565bd94b5672,bernese_mountain_dog
fd64b07c6c3249ae625564fc111adff6,malinois
fd73ff7c6b24e7292701305e8c7c32c2,boston_bull
fd7eeee1c55efbb222223c2fc0b1bbbd,blenheim_spaniel
fd80cac3ffdcd6ddcfe4d2d6f8f617f2,saint_bernard
fd8bd9ce34326d7fea7b85040510bdbb,bloodhound
fd8d47a35e1c84795b4a2a27b761eb7b,tibetan_mastiff
fd99c29a3ee91c7e9114e34be1ca0d1e,german_short-haired_pointer
fd9aa3277a9635ecf6abbe637a78e521,norwegian_elkhound
fda872df827d4ad271ad139a891a665e,basset
fda9aa966f3391e2508cdad4b51bbff9,basset
fdb58e4dd078f4343ce953f1c0bf2a51,whippet
fdb60e77166ba6aa999e5dab05c44dbc,italian_greyhound
fdc0556f9b32a714b56985eb99fbbbeb,silky_terrier
fdc614c16f54555064a32bc94522b4a4,curly-coated_retriever
fdca49e41439a428f8f727115e2610a9,malinois
fdca814a411178296fe719d3c0be9049,weimaraner
fdcbedc65f600f81df181e9a46858cbb,chihuahua
fdccec2dc716306a12b773e7689887c0,staffordshire_bullterrier
fdce4d488a629164ee8a9f2a0b81905f,norwegian_elkhound
fdcedfa9f9ae621a4889e844b9e2940d,irish_water_spaniel
fdcf75632c624d8d03b37ddb1c6fc592,tibetan_mastiff
fdd4ab27e77fe219d73a83dbb5123f97,welsh_springer_spaniel
fdd70b075a651fb1a966e5a8735b9a34,entlebucher
fddb09d408084b1289bf572bd4071c9c,airedale
fde78cf59b95570111e6f851e06900cd,irish_setter
fdf83a2eed71f2c54c3e6f592e84b254,doberman
fdfcc3d2e40970fbfb8521bd29e9fb4d,saint_bernard
fe03d2d88e9a68aeeac63f33a920557d,french_bulldog
fe081bb43a6b0902d7ae9cb560053bc1,leonberg
fe0beca881efd723510e8e859306a3a6,pug
fe0ca31ba19fc97e9644ac4daafa7e36,toy_poodle
fe13d46f5920f0944e6c30e54ac0e2a5,komondor
fe3d08ee9e1aba1785391b42345c3fc0,bloodhound
fe3e760d763e186541e18f303cd7caca,bernese_mountain_dog
fe426e0af99930c0ec3c9ab58b02f8dc,wire-haired_fox_terrier
fe49341352549164ad921a67647507f1,dandie_dinmont
fe4d298d682a42714f33085c9d241cc0,miniature_poodle
fe50bac6c389d137ea01c9cfc7346ca8,scottish_deerhound
fe54e87e65fe0c68670c0dd1a923f1f0,bouvier_des_flandres
fe5e4ee18529af1af1861efd550561a3,ibizan_hound
fe624532170510bd80627c0500bafc97,tibetan_mastiff
fe7171353417898022361453894adf94,ibizan_hound
fe76cbb5f172387f6a5b72739852d608,scotch_terrier
fe78fc42e32174c7178b572bdcf5a129,otterhound
fe7ea4eb63ab5fddea120555790f9187,newfoundland
fe8d52ab96ff238ea7d234b508010ece,boxer
fe9e09be6594f626f0d711bfba10cfe0,mexican_hairless
fea60fdd28de5834520134d6dc77a9a2,black-and-tan_coonhound
feafd0730eae85e63a41bbc030755c59,miniature_pinscher
feb16cf86c9dac6d476e3c372ba5c279,pug
feb9d0ae525ca28aabff74b455e34c16,italian_greyhound
febcab8eb2da444bf83336cffec7eb92,golden_retriever
fede60fb2acc02a2da0d0a05f760b7d5,australian_terrier
fee1696ae6725863f84b0da2c05ad892,bull_mastiff
fee672d906b502642597ccbc6acff0bb,blenheim_spaniel
fee98c990f4d69c6a8467dd0f0668440,greater_swiss_mountain_dog
fef4a58219c8971820a85868a7b073f5,tibetan_terrier
fef5d4cdaf50cf159102e803c7d6aa9c,bernese_mountain_dog
fef9c3ab585ad3f778c549fda42c1856,miniature_schnauzer
fefb453e43ec5e840c323538261493bd,lhasa
ff04baf19edbe449b39619d88da3633c,gordon_setter
ff05f3976c17fef275cc0306965b3fe4,labrador_retriever
ff0931b1c82289dc2cf02f0b4a165139,miniature_pinscher
ff0c4e0e856f1eddcc61facca64440c9,bloodhound
ff0d0773ee3eeb6eb90a172d6afd1ea1,staffordshire_bullterrier
ff0def9dafea6e633d0d7249554fcb2c,dandie_dinmont
ff12508818823987d04e8fa4f5907efe,australian_terrier
ff181f0d69202b0650e6e5d76e9c13cc,english_foxhound
ff2523c07da7a6cbeeb7c8f8dafed24f,norfolk_terrier
ff3b935868afb51b2d0b75ddc989d058,english_setter
ff47baef46c5876eaf9a403cd6a54d72,sussex_spaniel
ff4afeb51a1473f7ba18669a8ff48bc9,border_terrier
ff4bb57ce419cd637dd511a1b5474bff,appenzeller
ff52a3909f5801a71161cec95d213107,west_highland_white_terrier
ff54d45962b3123bb67052e8e29a60e7,basenji
ff63ed894f068da8e2bbdfda50a9a9f8,boxer
ff63fa05a58473138848f80840064d23,affenpinscher
ff6f47aa8e181b6efa4d0be7b09b5628,golden_retriever
ff7334b06cee8667a7f30eb00e0b93cf,whippet
ff7d9c08091acc3b18b869951feeb013,maltese_dog
ff84992beff3edd99b72718bec9448d2,bedlington_terrier
ff8e3fa7e04faca99af85195507ee54d,sealyham_terrier
ff91c3c095a50d3d7f1ab52b60e93638,affenpinscher
ffa0055ec324829882186bae29491645,maltese_dog
ffa0ad682c6670db3defce2575a2587f,english_springer
ffa16727a9ee462ee3f386be865b199e,irish_wolfhound
ffa4e1bf959425bad9228b04af40ac76,basenji
ffa6a8d29ce57eb760d0f182abada4bf,english_foxhound
ffbbf7536ba86dcef3f360bda41181b4,weimaraner
ffc1717fc5b5f7a6c76d0e4ea7c8f93a,great_dane
ffc2b6b9133a6413c4a013cff29f9ed2,irish_setter
ffc532991d3cd7880d27a449ed1c4770,tibetan_terrier
ffca1c97cea5fada05b8646998a5b788,english_foxhound
ffcb610e811817766085054616551f9c,briard
ffcde16e7da0872c357fbc7e2168c05f,airedale
ffcffab7e4beef9a9b8076ef2ca51909,samoyed
ffd25009d635cfd16e793503ac5edef0,borzoi
ffd3f636f7f379c51ba3648a9ff8254f,dandie_dinmont
ffe2ca6c940cddfee68fa3cc6c63213f,airedale
ffe5f6d8e2bff356e9482a80a6e29aac,miniature_pinscher
fff43b07992508bc822f33d8ffd902ae,chesapeake_bay_retriever
